role,company_name,hiring_badge,location,duration,stipend_perMonth,skills
Video Editing/Making,Bright Rise,Actively hiring,"Gurgaon, Delhi",3 Months," 10,000-14,000 ","Video Editing, Premiere Pro, After Effects"
Brand Management,The SkinTech India,Actively hiring,Mumbai,3 Months," 10,000-30,000 ","Marketing Strategy, Branding, Communication"
Business Development (Sales),FoodPe,Actively hiring,Gurgaon,3 Months,"12,500","Sales, Negotiation, Business Strategy"
Charity Drive,Hamari Pahchan NGO,Actively hiring,Work from home,1 Week,20% of 2000 Funds Raised,"Fundraising, Communication, Event Management"
Transcription,Samaadhaan,Actively hiring,Work from home,3 Months," 1,000  +  Incentives","Typing, Listening, Attention to Detail"
Community Management,InAmigos Foundation,Actively hiring,Work from home,3 Weeks,20% of Revenue Generated,"Community Building, Communication, Public Relations"
Social Entrepreneurship,Hamari Pahchan NGO,Actively hiring,Work from home,1 Month,Unpaid,"Leadership, Innovation, Social Impact"
Market Research,CavinKare Private Limited,Actively hiring,"Bangalore, Mumbai, Hyderabad, Kolkata, Pune, Chennai, Delhi",3 Weeks," 3,500-5,000 /week","Research, Analysis, Report Writing"
Campus Ambassador,Youth Marketer,Actively hiring,Work from home,1 Month,Performance Based,"Marketing, Networking, Event Promotion"
Telecalling,Card Expertise India Private Limited,Actively hiring,Noida,6 Months," 8,000-12,000 ","Communication, Sales, Customer Handling"
Business Development (Sales),Kabia Investment Managers,Actively hiring,Noida                                                            (Hybrid),3 Months,"10,000","Sales, Negotiation, Business Strategy"
UI/UX Design,Think41,Actively hiring,Bangalore,6 Months,"20,000","Figma, Wireframing, Prototyping"
Field Sales Trainee,Swiggy,Actively hiring,Anand,6 Months,"22,000","Sales, Negotiation, CRM"
Accounting & Tally,Universal Tribes,Actively hiring,Work from home,1 Month,"1,000","Accounting, Tally, Excel"
Field Sales,Swiggy,Actively hiring,Anand,3 Months,"15,000","Sales, Negotiation, CRM"
Business Development (Sales),GenElek Technologies Private Limited,Actively hiring,Delhi,2 Months," 5,000-12,000 ","Sales, Negotiation, Business Strategy"
Film Assistant Director,Small Box Office,Actively hiring,Delhi,6 Months,"7,500","Film Production, Direction, Editing"
Search Engine Optimization (SEO),Techyguide OPC Private Limited,Actively hiring,Bangalore,3 Months,"10,000","SEO, Google Analytics, Keyword Research"
Auditing & Accounting,Salesken.ai,Actively hiring,Bangalore,2 Months,"25,000","Accounting, Tally, Excel"
Digital Marketing,Vidhyashala,Actively hiring,Work from home,1 Month," 2,000  +  Incentives","SEO, Google Ads, Social Media Marketing"
Sales Consultant,Image Media World,Actively hiring,Mumbai,6 Months," 5,000  +  Incentives","Sales, Negotiation, CRM"
Business Research,Image Media World,Actively hiring,Mumbai,6 Months," 7,000-10,000 ","Sales, Negotiation, Business Strategy"
Field Sales,Image Media World,Actively hiring,Mumbai                                                            (Hybrid),1 Month," 1,000 /week","Sales, Negotiation, CRM"
Telecalling,Image Media World,Actively hiring,Mumbai,6 Months," 7,000-10,000 ","Communication, Sales, Customer Handling"
Embedded Systems,GenElek Technologies Private Limited,Actively hiring,Delhi,3 Months," 5,000-15,000 ","Embedded Systems, C, Microcontrollers"
International Business Development,Image Media World,Actively hiring,Mumbai,6 Months,"10,000","Sales, Negotiation, Business Strategy"
Business Development (Sales),Image Media World,Actively hiring,Mumbai,6 Months,"10,000","Sales, Negotiation, Business Strategy"
Video Editing/Making,Rizzle,Actively hiring,Hyderabad,3 Months,"15,000","Video Editing, Premiere Pro, After Effects"
Business Development (Sales),Prost Technologies Private Limited (OneAssure),Actively hiring,Bangalore,3 Months,"15,000","Sales, Negotiation, Business Strategy"
Data Analytics,Futurlytic Private Limited,Actively hiring,Bangalore,6 Months,"25,000","Python, SQL, Data Analysis"
Teaching Assistance - Electric Vehicle (Mechanical),Internshala,Actively hiring,Gurgaon,6 Months,"18,000","Teaching, Curriculum Design, Communication"
Mobile App Development,GenElek Technologies Private Limited,Actively hiring,Delhi,3 Months," 5,000-15,000 ","Android, Kotlin, Java"
Business Development (Sales),Livelish Private Limited,Actively hiring,Delhi                                                            (Hybrid),3 Months," 8,000  +  Incentives","Sales, Negotiation, Business Strategy"
Business Development (Sales),Envision Next LLP,Actively hiring,"Pune, Navi Mumbai",6 Months," 5,000-15,000 ","Sales, Negotiation, Business Strategy"
Sales And Business Development,Travokarma,Actively hiring,Work from home,2 Months," 5,000  +  Incentives","Sales, Negotiation, Business Strategy"
Social Media Marketing,Aviotron Aerospace,Actively hiring,Noida,3 Months,"12,000","Marketing Strategy, Communication, Market Research"
SEO (Off Page),Rank Revenue Digitech,Actively hiring,Work from home,4 Months,"10,000","SEO, Google Analytics, Keyword Research"
Behavioral Research Writer (Nudge Content Specialist),QiWorks,Actively hiring,Bangalore,2 Months,"50,000","Research, Analysis, Report Writing"
Mobile App Development,"Swissmote, Inc. (San Francisco, United States)",Actively hiring,Work from home,1 Month,$ 600 ,"Android, Kotlin, Java"
Sketch Artist,Unimonks,Actively hiring,Delhi,3 Months," 4,000-10,000 ","Sketching, Creativity, Illustration"
Operations,Setupmate Management Consultancy,Actively hiring,Work from home,3 Months," 16,000-25,000 ","Operations Management, Coordination, MS Excel"
Social Media Manager,Pixii,Actively hiring,Work from home,6 Months," 20,000-40,000 ","Social Media, Content Creation, Analytics"
Video Editing/Making,Meragi,Actively hiring,Bangalore,3 Months,"15,000","Video Editing, Premiere Pro, After Effects"
Digital Marketing,Greenstakes,Actively hiring,Hyderabad,3 Months,"12,000","SEO, Google Ads, Social Media Marketing"
Financial Content Creator (Video),Trade Brains,Actively hiring,Bangalore,3 Months,"10,000","Video Editing, Premiere Pro, After Effects"
Subject Matter Expert(CIVIL),Requin Solutions Private Limited,Actively hiring,Jaipur,6 Months," 10,000-12,000 ","Communication, Teamwork"
Market Research,Galaxy Industries,Actively hiring,Indore                                                            (Hybrid),1 Month," 3,000  +  Incentives","Research, Analysis, Report Writing"
Business Development (Sales),Agrograde Robotics,Actively hiring,Pimpri-Chinchwad,3 Months," 18,000-25,000 ","Sales, Negotiation, Business Strategy"
Sales,FreJun Incorporation,Actively hiring,Work from home,6 Months,"12,000","Sales, Negotiation, CRM"
Social Media Influencer (Finance),Trade Brains,Actively hiring,Bangalore,3 Months,"10,000","Excel, Financial Analysis, Accounting"
Business Development (Sales),Alphanumeric Ideas Private Limited,Actively hiring,"Chandigarh, Mohali",3 Months,"6,000","Sales, Negotiation, Business Strategy"
Architecture,Digital Factorys,Actively hiring,Pimpri-Chinchwad,6 Months,"5,000","AutoCAD, Architecture Design, 3D Modeling"
Student Success,Internshala,Actively hiring,Gurgaon,6 Months,"18,000","Communication, Teamwork"
Digital Marketing,Alphanumeric Ideas Private Limited,Actively hiring,"Chandigarh, Mohali",2 Months,"6,000","SEO, Google Ads, Social Media Marketing"
Administration,Aaptatt,Actively hiring,Gurgaon,6 Months,"7,500","Administration, Coordination, MS Office"
Anchoring,Unimonks,Actively hiring,Delhi,3 Months," 4,500-10,000 ","Anchoring, Public Speaking, Presentation"
Sales Consultant,Monkhub,Actively hiring,Gurgaon,6 Months," 7,000-10,000 ","Sales, Negotiation, CRM"
Mathematics Teaching,Budding Mariners,Actively hiring,Work from home,2 Months," 6,000 lump sum","Teaching, Curriculum Design, Communication"
Human Resources (HR),Alphanumeric Ideas Private Limited,Actively hiring,"Mohali, Chandigarh",6 Months,"6,000","Recruitment, HR Management, Communication"
Physics Teaching,Budding Mariners,Actively hiring,Work from home,1 Month," 7,000 lump sum","Teaching, Curriculum Design, Communication"
Content Writing,Next Labs,Actively hiring,Mumbai,6 Months,"10,000","Content Writing, Editing, SEO"
Field Sales,Highway Delite,Actively hiring,Work from home,6 Months,"15,000","Sales, Negotiation, CRM"
Graphic Design,Alphanumeric Ideas Private Limited,Actively hiring,Mohali,3 Months," 3,000-6,000 ","Graphic Design, Photoshop, Illustrator"
Graphic Design,Colab India,Actively hiring,Mumbai,4 Months,"25,000","Graphic Design, Photoshop, Illustrator"
Human Resources (HR),Requin Solutions Private Limited,Actively hiring,Jaipur,6 Months,"10,000","Recruitment, HR Management, Communication"
Telecalling,Highway Delite,Actively hiring,Work from home,6 Months,"10,000","Communication, Sales, Customer Handling"
Finance,Petronas Lubricants India Private Limited,Actively hiring,Mumbai,6 Months,"30,000","Excel, Financial Analysis, Accounting"
Marketing (Outreach),SwasthAham,Actively hiring,Work from home,6 Months,"1,000","Marketing Strategy, Communication, Market Research"
Project Management Officer,Ozibook Tech Solutions Private Limited,Actively hiring,Work from home,3 Months,"1,000","Project Management, MS Project, Leadership"
UI/UX Design,"Sprung Inc (Los Angeles, United States)",Actively hiring,Work from home,6 Months,"25,000","Figma, Wireframing, Prototyping"
Cyber Security,TwinLine Business Solutions Private Limited,Actively hiring,Gurgaon,3 Months,"15,000","Cyber Security, Networking, Ethical Hacking"
Assistant Sales Manager (Work With IITians Edtech Startup Australia),Medventures,Actively hiring,Work from home,3 Months," 1,000  +  Incentives","Sales, Negotiation, CRM"
Social Media Marketing,Vidhyashala,Actively hiring,Work from home,1 Month," 3,000  +  Incentives","Marketing Strategy, Communication, Market Research"
Social Work,Kshitiksha Foundation,Actively hiring,Work from home,1 Month,Unpaid,"Communication, Teamwork"
Influencer Marketing,Vidhyashala,Actively hiring,Work from home,1 Month," 3,000  +  Incentives","Marketing Strategy, Communication, Market Research"
MS Excel Advance Expert,Flying Pigeon Solutions,Actively hiring,Jaipur,2 Months," 2,000-5,000 ","Excel, Financial Analysis, Powerpoint"
Insurance Content Creator,RK & Co,Actively hiring,Work from home,2 Months,"2,500","Content Writing, Editing, SEO"
Data Entry,Highway Delite,Actively hiring,Work from home,6 Months,"1,000","Excel,python,SQL"
Full Stack Development,Alphanumeric Ideas Private Limited,Actively hiring,Mohali,6 Months,"6,000","React,Next,Express,Node,SQL"
Human Resource (HR),The Matrix Labs,Actively hiring,Work from home,3 Months," 10,000-15,000 ","Recruitment, HR Management, Communication"
Content Marketing,Kshitiksha Foundation,Actively hiring,Work from home,1 Month,Unpaid,"Marketing Strategy, Communication, Market Research"
Content Writing,Kshitiksha Foundation,Actively hiring,Work from home,1 Month,Unpaid,"Content Writing, Editing, SEO"
Market Research,CavinKare Private Limited,Actively hiring,"Chennai, Delhi, Kolkata, Pune, Bangalore, Hyderabad, Mumbai",3 Weeks," 3,500-5,000 /week","Research, Analysis, Report Writing"
Social Work,Pawzz,Actively hiring,Work from home,4 Weeks," 1,500-10,000 ","Communication, Teamwork"
Mutual Fund Analysis,RK & Co,Actively hiring,Work from home,2 Months,"6,000","Communication, Teamwork"
Volunteering (VOL),Pawzz,Actively hiring,Work from home,4 Weeks," 1,500-10,000 ","Communication, Teamwork"
Recruitment,Pawzz,Actively hiring,Work from home,6 Months," 10,000-12,000 ","Communication, Teamwork"
Teaching - Coding,GEMA Education Technology Private Limited,Actively hiring,Work from home,2 Months," 1,000-2,000 ","Teaching, Curriculum Design, Communication"
Crowdfunding (CF),Pawzz,Actively hiring,Work from home,4 Weeks," 1,500-10,000 ","Communication, Teamwork"
Social Impact,Pawzz,Actively hiring,Work from home,4 Weeks," 1,500-10,000 ","Communication, Teamwork"
Digital Marketing,Social Dot Hub,Actively hiring,Delhi,6 Months,"20,000","SEO, Google Ads, Social Media Marketing"
Founders Office,Alore,Actively hiring,Work from home,6 Months," 5,000-10,000 ","Communication, Teamwork"
React Native Development (iOS APP Development),Across The Globe (ATG),Actively hiring,Work from home,6 Months,"4,000","App Development, Flutter, React Native"
Marketing,InDreamer,Actively hiring,"Kozhikode, Kannur                                                            (Hybrid)",6 Months,"12,000","Marketing Strategy, Communication, Market Research"
Business Development (Sales),QuadB Tech,Actively hiring,Ludhiana,6 Months," 15,000-20,000 ","Sales, Negotiation, Business Strategy"
Content Writing (Work From Office),Bilateral Solutions Private Limited,Actively hiring,Mandi,6 Months," 10,000-15,000 ","Content Writing, Editing, SEO"
Key Account Executive (Sales),Bilateral Solutions Private Limited,Actively hiring,Mandi,6 Months," 12,000-18,000 ","Sales, Negotiation, CRM"
Business Development (Sales),Tech Career,Actively hiring,Jaipur,6 Months,"6,000","Sales, Negotiation, Business Strategy"
Digital Marketing (Work From Office),Bilateral Solutions Private Limited,Actively hiring,Mandi,6 Months," 15,000-18,000 ","SEO, Google Ads, Social Media Marketing"
Supply Chain & Logistics Operations,Bonn Tonn,Actively hiring,Kolkata,2 Months,"7,000","Operations Management, Coordination, MS Excel"
Business Development (Sales),Edhusk,Actively hiring,Jaipur,2 Months," 8,000-10,000 ","Sales, Negotiation, Business Strategy"
Graphic Design,STEMpedia,Actively hiring,Ahmedabad,6 Months," 10,000-15,000 ","Graphic Design, Photoshop, Illustrator"
Business Strategy,Social Dot Hub,Actively hiring,Delhi,3 Months,"20,000","Sales, Negotiation, Business Strategy"
Content Creater For Reels,Sid&co,Actively hiring,Jaipur,6 Months," 10,000-15,000 ","Content Writing, Editing, SEO"
Business Development (Sales),TOSSIDO,Actively hiring,Noida,3 Months,"5,000","Sales, Negotiation, Business Strategy"
Content Operations,Saregama India Limited,Actively hiring,Mumbai,6 Months," 5,000-10,000 ","Operations Management, Coordination, MS Excel"
Content Writing,OutreachMani,Actively hiring,Jaipur,3 Months,"10,000","Content Writing, Editing, SEO"
Video Editing/Making,Social Dot Hub,Actively hiring,Delhi,6 Months," 10,000-15,000 ","Video Editing, Premiere Pro, After Effects"
Marketing,Hungama Digital Media Entertainment Private Limited,Actively hiring,Mumbai,3 Months,"5,000","Marketing Strategy, Communication, Market Research"
Interior Design,Southern Decors,Actively hiring,Chennai,6 Months,"12,000","Graphic Design, Photoshop, Illustrator"
Business Development (Sales),Pro India,Actively hiring,Gurgaon,6 Months," 5,000  +  Incentives","Sales, Negotiation, Business Strategy"
Marketing,University Living Accommodation Private Limited,Actively hiring,Noida,2 Months,"15,000","Marketing Strategy, Communication, Market Research"
Inside Sales,University Living Accommodation Private Limited,Actively hiring,Noida,3 Months,"12,000","Sales, Negotiation, CRM"
Video Editing/Making,Fabulous Media Private Limited,Actively hiring,Gurgaon,6 Months," 5,000-15,000 ","Video Editing, Premiere Pro, After Effects"
E-Commerce Catalog Management,Tradexa Technologies Private Limited,Actively hiring,Pune,6 Months," 10,000-12,000 ","Communication, Teamwork"
E-Commerce Sales,Avaesa,Actively hiring,Chennai,3 Months,"10,000","Sales, Negotiation, CRM"
Sales,BnB India,Actively hiring,Mumbai,6 Months," 10,000  +  Incentives","Sales, Negotiation, CRM"
Telecalling,Zimeshare Technologies (OPC) Private Limited,Actively hiring,Noida,2 Months,"8,000","Communication, Sales, Customer Handling"
Sales Consultant,Supreme Universal,Actively hiring,Mumbai,6 Months,"25,000","Sales, Negotiation, CRM"
Marketing,Monkhub,Actively hiring,Gurgaon,6 Months," 6,000-10,000 ","Marketing Strategy, Communication, Market Research"
Retail Management Trainee,Multiplier Brand Solutions Private Limited,Actively hiring,Mumbai,3 Months,"15,000","Communication, Teamwork"
Business Development (Sales),Monkhub,Actively hiring,Gurgaon,6 Months," 6,000-10,000 ","Sales, Negotiation, Business Strategy"
Content Writing,GoMechanic,Actively hiring,Gurgaon,3 Months,"10,000","Content Writing, Editing, SEO"
Project Management,Fabulous Media Private Limited,Actively hiring,Gurgaon,6 Months," 5,000-15,000 ","Project Management, MS Project, Leadership"
Video Editing/Making,MahaVastu Corporation LLP,Actively hiring,Noida,3 Months,"15,000","Video Editing, Premiere Pro, After Effects"
Business Development (Sales),VentureBlick India Private Limited,Actively hiring,Pune                                                            (Hybrid),6 Months,"15,000","Sales, Negotiation, Business Strategy"
Customer Support,Hungama Digital Media Entertainment Private Limited,Actively hiring,Noida,3 Months,"5,000","Communication, Teamwork"
Digital Marketing,The Affordable Organic Store,Actively hiring,Hyderabad,6 Months,"6,000","SEO, Google Ads, Social Media Marketing"
Business Development (Sales),Akaaro,Actively hiring,Gurgaon                                                            (Hybrid),1 Month,"2,000","Sales, Negotiation, Business Strategy"
Business Development (Sales),FoodPe,Actively hiring,Gurgaon,3 Months," 12,500-17,500 ","Sales, Negotiation, Business Strategy"
Compliance Coordinator,IB Cricket,Actively hiring,Hyderabad,6 Months," 15,000-20,000 ","Communication, Teamwork"
Content Marketer,Tealfeed,Actively hiring,Gurgaon,3 Months," 12,000-18,000 ","Content Writing, Editing, SEO"
Graphic Design,UrbanSpell B2B Marketing Agency,Actively hiring,Pune,6 Months,"6,000","Graphic Design, Photoshop, Illustrator"
Business Development (Sales),Fabulous Media Private Limited,Actively hiring,Gurgaon,6 Months," 5,000-15,000 ","Sales, Negotiation, Business Strategy"
Interior Design,Nettle Creek Interiors,Actively hiring,Pune,6 Months," 5,000-10,000 ","Graphic Design, Photoshop, Illustrator"
Digital Marketing,Flipzone Tech Services Private Limited,Actively hiring,"Delhi, Ghaziabad, Gurgaon, Noida                                                            (Hybrid)",3 Months," 3,000-4,000 ","SEO, Google Ads, Social Media Marketing"
Creative Design,KinderArt Impex,Actively hiring,Delhi,2 Months,"10,000","Graphic Design, Photoshop, Illustrator"
Influencer Marketing,Social Dot Hub,Actively hiring,Delhi,6 Months,"10,000","Marketing Strategy, Communication, Market Research"
Graphic Design,FootballGeek,Actively hiring,Navi Mumbai,3 Months,"7,500","Graphic Design, Photoshop, Illustrator"
Content Writing,Social Dot Hub,Actively hiring,Delhi,6 Months,"15,000","Content Writing, Editing, SEO"
Business Development (Sales),RAJESH SINGLA,Actively hiring,Gurgaon                                                            (Hybrid),3 Months," 12,000  +  Incentives","Sales, Negotiation, Business Strategy"
Graphic Design,Bootstrap Digital Solutions,Actively hiring,Pitampura,6 Months," 8,000-10,000 ","Graphic Design, Photoshop, Illustrator"
Social Media Marketing,Social Dot Hub,Actively hiring,Delhi,6 Months,"15,000","Marketing Strategy, Communication, Market Research"
Business Development (Sales),Social Dot Hub,Actively hiring,Delhi,6 Months,"10,000","Sales, Negotiation, Business Strategy"
Operations,Internovo Ventures Private Limited,Actively hiring,Mumbai,6 Months,"5,000","Operations Management, Coordination, MS Excel"
E-Commerce,Image Media World,Actively hiring,Mumbai,6 Months,"5,000","Communication, Teamwork"
Digital Marketing,Adventitous Solutions,Actively hiring,Gurgaon                                                            (Hybrid),6 Months," 7,000  +  Incentives","SEO, Google Ads, Social Media Marketing"
Copywriting,Enseur,Actively hiring,Delhi,3 Months," 3,000-10,000 ","Communication, Teamwork"
Content Writing,Klicksurge,Actively hiring,Noida,3 Months,"10,000","Content Writing, Editing, SEO"
Influencer Marketing,Fabulous Media Private Limited,Actively hiring,Gurgaon,6 Months," 5,000-15,000 ","Marketing Strategy, Communication, Market Research"
Marketing,Verve Stays,Actively hiring,Delhi                                                            (Hybrid),4 Months,"10,000","Marketing Strategy, Communication, Market Research"
Human Resources (HR),Bonn Tonn,Actively hiring,Kolkata,3 Months,"7,500","Recruitment, HR Management, Communication"
Marketing,Anahad Pharma Private Limited,Actively hiring,Mumbai,3 Months," 5,000  +  Incentives","Marketing Strategy, Communication, Market Research"
Social Media Marketing,Hamsi Marketing Private Limited,Actively hiring,Hyderabad                                                            (Hybrid),4 Months,"8,000","Marketing Strategy, Communication, Market Research"
Video Editing/Making,APTAGRIM CONSULTING PRIVATE LIMITED,Actively hiring,Hyderabad,3 Months,"15,000","Video Editing, Premiere Pro, After Effects"
Graphic Design,GoMechanic,Actively hiring,Gurgaon,3 Months,"10,000","Graphic Design, Photoshop, Illustrator"
Supply Chain & Logistics Operations,Goodera,Actively hiring,Bangalore,6 Months," 15,000-20,000 ","Operations Management, Coordination, MS Excel"
Human Resources (HR),Think EBikeGO Private Limited,Actively hiring,Mumbai,3 Months,"10,000","Recruitment, HR Management, Communication"
Content Writer - Regional Language,Rupicard,Actively hiring,Bangalore,3 Months," 5,000-10,000 ","Writing, SEO, Research"
Key Account (Growth Team),Blitz,Actively hiring,Bangalore,6 Months,"25,000","Communication, Teamwork"
Content Writer (SEO),Tring,Actively hiring,"Navi Mumbai, Mumbai",3 Months,"11,000","SEO, Google Analytics, Keyword Research"
Weekend Event Host (Evening),Breakout,Actively hiring,Bangalore,6 Months," 3,000-4,000 ","Communication, Teamwork"
Graphic Design,APTAGRIM CONSULTING PRIVATE LIMITED,Actively hiring,Hyderabad,6 Months,"15,000","Graphic Design, Photoshop, Illustrator"
Business Research,Ibus Networks And Infrastructure Pvt. Ltd,Actively hiring,Bangalore,3 Months,"10,000","Sales, Negotiation, Business Strategy"
Business Development (Sales),Fabzen Technologies Private Limited,Actively hiring,Bangalore,6 Months,"10,000","Sales, Negotiation, Business Strategy"
Content Writing,Brandshark,Actively hiring,Bangalore,3 Months,"10,000","Content Writing, Editing, SEO"
Category,Meragi,Actively hiring,Bangalore,3 Months,"15,000","Communication, Teamwork"
Human Resources (HR),Witness The Fitness Private Limited,Actively hiring,Noida,3 Months,"5,000","Recruitment, HR Management, Communication"
Program Management,Goodera,Actively hiring,Bangalore,6 Months,"30,000","Communication, Teamwork"
Content Creator (Social Media),Trade Brains,Actively hiring,Bangalore,3 Months,"10,000","Social Media, Content Creation, Analytics"
Data Entry,Ziegler Aerospace,Actively hiring,Hyderabad,6 Months," 6,000-10,000 ","Excel,python,SQL"
Product Experience Specialist,IB Cricket,Actively hiring,Bangalore,6 Months," 15,000-20,000 ","Communication, Teamwork"
Teaching Assistance - Electric Vehicle (Embedded Systems & MATLAB),Internshala,Actively hiring,Gurgaon,6 Months,"18,000","Embedded Systems, C, Microcontrollers"
Human Resources (HR),Social Dot Hub,Actively hiring,Delhi,6 Months,"8,000","Recruitment, HR Management, Communication"
Event Coordinator,Meragi,Actively hiring,"Bangalore, Hyderabad",6 Months," 15,000-20,000 ","Communication, Teamwork"
STEM Education Trainer,Anagh Technology,Actively hiring,"Surat, Navsari, Tapi",3 Months," 10,000-15,000 ","Communication, Teamwork"
Workshop Coordinator,YourDOST Health Solutions,Actively hiring,Bangalore,6 Months," 15,000-20,000 ","Communication, Teamwork"
Video Editor / Translator,Meri Bhumi Mera Dayitva Foundation,Actively hiring,Delhi                                                            (Hybrid),3 Months," 5,000-10,000 ","Video Editing, Premiere Pro, After Effects"
Social Media Marketing,Epesign Technologies Private Limited,Actively hiring,Bangalore,3 Months," 10,000-15,000 ","Marketing Strategy, Communication, Market Research"
Human Resources (HR),Athena School Of Management,Actively hiring,Mumbai,2 Months,"12,000","Recruitment, HR Management, Communication"
Accounting & Taxation,Abhimanyu  Singhal,Actively hiring,Faridabad,3 Months," 2,000-10,000 ","Accounting, Tally, Excel"
Human Resources (HR),Quarks Technosoft Private Limited,Actively hiring,Noida,6 Months,"15,000","Recruitment, HR Management, Communication"
Strategy Officer,Ozibook Tech Solutions Private Limited,Actively hiring,Work from home,3 Months,"1,000","Communication, Teamwork"
Human Resources (HR),Bezt Labs,Actively hiring,Bangalore                                                            (Hybrid),3 Months,"3,000","Recruitment, HR Management, Communication"
Digital Marketing,Internovo Ventures Private Limited,Actively hiring,Mumbai,6 Months," 7,000-9,000 ","SEO, Google Ads, Social Media Marketing"
UX Designer,Akaaro,Actively hiring,Gurgaon                                                            (Hybrid),1 Month,"2,000","Graphic Design, Photoshop, Illustrator"
UX/UI Design,APTAGRIM CONSULTING PRIVATE LIMITED,Actively hiring,Hyderabad,6 Months,"15,000","Graphic Design, Photoshop, Illustrator"
Catalog Management,University Living Accommodation Private Limited,Actively hiring,Noida,3 Months,"12,000","Communication, Teamwork"
Product Management,Bynry Services Private Limited,Actively hiring,Pune,6 Months,"10,000","Communication, Teamwork"
MS Excel (Operations),Akaaro,Actively hiring,Gurgaon                                                            (Hybrid),1 Month,"2,000","Operations Management, Coordination, MS Excel"
Human Resources (HR),Rank Revenue Digitech,Actively hiring,Work from home,2 Months,"4,000","Recruitment, HR Management, Communication"
Research Analyst,Ozibook Tech Solutions Private Limited,Actively hiring,Work from home,3 Months,"1,000","Research, Analysis, Report Writing"
Sales Officer (SAO),Ozibook Tech Solutions Private Limited,Actively hiring,Work from home,3 Months,"1,000","Sales, Negotiation, CRM"
Law/Legal,Ozibook Tech Solutions Private Limited,Actively hiring,Work from home,3 Months,"1,000","Communication, Teamwork"
Android App Development,Fabulous Media Private Limited,Actively hiring,Gurgaon,6 Months," 5,000-15,000 ","App Development, Flutter, React Native"
Fundraising,Jankalyan Multipurpose Education Society,Actively hiring,Work from home,1 Week,Unpaid,"Communication, Teamwork"
Social Media Marketing,Ozibook Tech Solutions Private Limited,Actively hiring,Work from home,3 Months,"1,000","Marketing Strategy, Communication, Market Research"
Finance Officer,Ozibook Tech Solutions Private Limited,Actively hiring,Work from home,3 Months,"1,000","Excel, Financial Analysis, Accounting"
Finance,Millennium Money Finance,Actively hiring,Work from home,1 Month,"1,000","Excel, Financial Analysis, Accounting"
Intern Onboarding Officer,Ozibook Tech Solutions Private Limited,Actively hiring,Work from home,3 Months,"1,000","Communication, Teamwork"
Content Designer,Ozibook Tech Solutions Private Limited,Actively hiring,Work from home,3 Months,"1,000","Graphic Design, Photoshop, Illustrator"
Illustration,Ozibook Tech Solutions Private Limited,Actively hiring,Work from home,3 Months,"1,000","Communication, Teamwork"
Business Development (Sales),Stirring Minds,Actively hiring,Delhi,3 Months,"7,000","Sales, Negotiation, Business Strategy"
Sales,Flying Pigeon Solutions,Actively hiring,Jaipur,6 Weeks," 4,000-8,000 ","Sales, Negotiation, CRM"
UI/UX Design,Ozibook Tech Solutions Private Limited,Actively hiring,Work from home,3 Months,"1,000","Figma, Wireframing, Prototyping"
Telecalling,Flying Pigeon Solutions,Actively hiring,Jaipur,3 Months," 7,000-10,000 ","Communication, Sales, Customer Handling"
Event Management,Event University,Actively hiring,Delhi,4 Months," 10,000-12,500 ","Communication, Teamwork"
Search Engine Optimization (SEO),OutreachMani,Actively hiring,Jaipur,3 Months,"10,000","SEO, Google Analytics, Keyword Research"
Telecalling,AppVersal,Actively hiring,Noida,3 Months,"10,000","Communication, Sales, Customer Handling"
Business Development (Sales),EasyInsights,Actively hiring,Delhi,6 Months," 10,000  +  Incentives","Sales, Negotiation, Business Strategy"
Digital Marketing,OutreachMani,Actively hiring,Jaipur,3 Months,"10,000","SEO, Google Ads, Social Media Marketing"
Inside Sales,Isourse,Actively hiring,Delhi,6 Months,"25,000","Sales, Negotiation, CRM"
Youtube SEO Expert,Flying Pigeon Solutions,Actively hiring,Jaipur,2 Months," 6,000-10,000 ","SEO, Google Analytics, Keyword Research"
Brand Aquisition,Medonomy,Actively hiring,Noida,6 Months," 10,000-20,000 ","Marketing Strategy, Branding, Communication"
Business Development,Tripple One Solutions,Actively hiring,Noida,3 Months," 15,000-25,000 ","Sales, Negotiation, Business Strategy"
Human Resources (HR),Ozibook Tech Solutions Private Limited,Actively hiring,Work from home,3 Months,"1,000","Recruitment, HR Management, Communication"
Front Office Executive,Sonam  Geda,Actively hiring,Indore,3 Months," 7,000-10,000 ","Communication, Teamwork"
Performance Marketing,Flying Pigeon Solutions,Actively hiring,Jaipur,2 Months," 8,000-12,000 ","Marketing Strategy, Communication, Market Research"
Campus Ambassador,Sharpener Tech,Actively hiring,Work from home,6 Weeks,Performance Based,"Marketing, Networking, Event Promotion"
Graphic Design,Bilateral Solutions Private Limited,Actively hiring,Mandi,6 Months," 10,000-12,000 ","Graphic Design, Photoshop, Illustrator"
Campus Ambassador,Skillsoft Solutions,Actively hiring,Work from home,3 Months,Performance Based,"Marketing, Networking, Event Promotion"
Social Media Marketing,Flying Pigeon Solutions,Actively hiring,Jaipur,2 Months," 6,000-10,000 ","Marketing Strategy, Communication, Market Research"
Content Writing,Sfaira Infotech Private Limited,Actively hiring,Delhi,5 Months," 10,000-15,000 ","Content Writing, Editing, SEO"
Influencer Marketing,Flying Pigeon Solutions,Actively hiring,Jaipur,2 Months," 8,000-10,000 ","Marketing Strategy, Communication, Market Research"
Law/Legal,Sonam  Geda,Actively hiring,Indore,3 Months," 2,000-5,000 ","Communication, Teamwork"
Social Media Marketing,Dropsy,Actively hiring,Noida,3 Months,"5,000","Marketing Strategy, Communication, Market Research"
Human Resources (HR),Bilateral Solutions Private Limited,Actively hiring,Mandi,6 Months," 12,000-15,000 ","Recruitment, HR Management, Communication"
Content Writing,Get Catalyzed,Actively hiring,Jaipur,3 Months," 8,000-10,000 ","Content Writing, Editing, SEO"
Media & Public Relations (PR),Sedani Digital Private Limited,Actively hiring,Work from home,3 Months,"3,000","Communication, Teamwork"
E-commerce Operations,MHLondon,Actively hiring,Noida,4 Months,"15,000","Operations Management, Coordination, MS Excel"
Search Engine Optimization (SEO),Sfaira Infotech Private Limited,Actively hiring,Delhi,4 Months," 8,000-12,000 ","SEO, Google Analytics, Keyword Research"
Content Writing,AppVersal,Actively hiring,Noida,3 Months,"10,000","Content Writing, Editing, SEO"
Digital Marketing,Victoria Exotica Pvt Ltd,Actively hiring,Delhi,6 Months," 10,000-12,000 ","SEO, Google Ads, Social Media Marketing"
Social Media Marketing,Small Box Office,Actively hiring,Delhi,6 Months,"7,500","Marketing Strategy, Communication, Market Research"
Influencers Marketing,Medonomy,Actively hiring,Noida,6 Months," 10,000-20,000 ","Marketing Strategy, Communication, Market Research"
Digital Marketing,Seed And Sky Design,Actively hiring,Delhi,6 Months,"12,000","SEO, Google Ads, Social Media Marketing"
Lead Generation,Tring,Actively hiring,"Thane, Navi Mumbai, Mumbai, Panvel",3 Months,"11,000","Communication, Teamwork"
Telecalling,Codeb,Actively hiring,Mumbai,6 Months,"10,000","Communication, Sales, Customer Handling"
Graphic Design,Stirring Minds,Actively hiring,Delhi,3 Months,"7,000","Graphic Design, Photoshop, Illustrator"
Copywriting,UrbanSpell B2B Marketing Agency,Actively hiring,Pune,6 Months,"6,000","Communication, Teamwork"
Social Media Marketing,UrbanSpell B2B Marketing Agency,Actively hiring,Pune,6 Months,"6,000","Marketing Strategy, Communication, Market Research"
Social Media Marketing,Medonomy,Actively hiring,Noida,6 Months," 10,000-20,000 ","Marketing Strategy, Communication, Market Research"
Search Engine Optimization (SEO),Ace 360,Actively hiring,Mumbai,6 Months," 3,000-5,000 ","SEO, Google Analytics, Keyword Research"
Search Engine Optimization (SEO),Medonomy,Actively hiring,Noida,6 Months," 10,000-20,000 ","SEO, Google Analytics, Keyword Research"
B2B Sales,Tring,Actively hiring,Mumbai,3 Months,"15,000","Sales, Negotiation, CRM"
Social Media Marketing,Ace 360,Actively hiring,"Mumbai, Virar",6 Months," 3,000-6,000 ","Marketing Strategy, Communication, Market Research"
Supply Chain Management (SCM),Arcatron Mobility Private Limited,Actively hiring,Pune,3 Months,"20,000","Communication, Teamwork"
Business Development (Sales),Next Labs,Actively hiring,Mumbai,6 Months,"10,000","Sales, Negotiation, Business Strategy"
Business Development (Sales),Zedex Info Private Limited,Actively hiring,Mumbai,3 Months,"12,000","Sales, Negotiation, Business Strategy"
Teaching,The Skill Guru Foundation,Actively hiring,Work from home,3 Months,Unpaid,"Teaching, Curriculum Design, Communication"
Operations,Anannt Training Institute,Actively hiring,Pune,3 Months," 3,000-10,000 ","Operations Management, Coordination, MS Excel"
Operations,Next Labs,Actively hiring,Mumbai,6 Months,"10,000","Operations Management, Coordination, MS Excel"
Graphic Design,Antino Labs Private Limited,Actively hiring,Gurgaon,6 Months,"15,000","Graphic Design, Photoshop, Illustrator"
Telemarketing,WellnessZ,Actively hiring,Work from home,3 Months,"5,000","Marketing Strategy, Communication, Market Research"
Project Management,ADORE,Actively hiring,Work from home,3 Months,Unpaid,"Project Management, MS Project, Leadership"
Graphic Design,StoreShoppy Online Services Private Limited,Actively hiring,"Faridabad, Delhi, Ghaziabad, Gurgaon, Noida",3 Months," 5,000-15,000 ","Graphic Design, Photoshop, Illustrator"
Sales And Marketing,Deeto Infotech,Actively hiring,Bangalore,1 Month,"5,000","Sales, Negotiation, CRM"
Digital Marketing,The Affordable Organic Store,Actively hiring,Work from home,3 Months,"1,500","SEO, Google Ads, Social Media Marketing"
Marathi Transcription Coordinator,Indiaum Solutions,Actively hiring,Work from home,4 Months," 7,000-15,000 ","Typing, Listening, Attention to Detail"
Growth Marketing,Grexa AI Private Limited,Actively hiring,Navi Mumbai,3 Months," 10,000-25,000 ","Marketing Strategy, Communication, Market Research"
Business Development (Sales),Rousing Designs,Actively hiring,Bangalore,6 Months," 5,000  +  Incentives","Sales, Negotiation, Business Strategy"
Business Development (Sales),Rydeu Logistics UG,Actively hiring,Work from home,6 Months," 10,000-12,000 ","Sales, Negotiation, Business Strategy"
Finance Executive,Bilateral Solutions Private Limited,Actively hiring,Mandi,6 Months,"10,000","Excel, Financial Analysis, Accounting"
Telecalling,Jaguar Properties,Actively hiring,Bangalore,6 Months,"10,000","Communication, Sales, Customer Handling"
PCB Designer,Panoculon Labs,Actively hiring,Work from home,1 Month,"7,500","Graphic Design, Photoshop, Illustrator"
Human Resources (HR),CyberFrat,Actively hiring,Mumbai,6 Months,"5,000","Recruitment, HR Management, Communication"
Human Resources (HR),Ace 360,Actively hiring,Mumbai,6 Months," 3,000-5,000 ","Recruitment, HR Management, Communication"
International Sales,Inorbvict Healthcare India Private Limited,Actively hiring,"Pune, Mumbai, Pimpri-Chinchwad, Nashik",3 Months,"6,000","Sales, Negotiation, CRM"
General Management,ADORE,Actively hiring,Work from home,6 Months,"2,000","Communication, Teamwork"
Recruitment Consultant,Unidus Services (Manpower) Private Limited,Actively hiring,Work from home,3 Months," 1,000 lump sum +  Incentives","Consulting, Analysis, Presentation"
Human Resources (HR),Tradexa Technologies Private Limited,Actively hiring,Pune,6 Months," 12,000-15,000 ","Recruitment, HR Management, Communication"
Mutual Fund Operations,RK & Co,Actively hiring,Work from home,4 Months,"4,500","Operations Management, Coordination, MS Excel"
Fundraising,Scope For Change,Actively hiring,Work from home,1 Month," 1,000  +  Incentives","Communication, Teamwork"
Business Development (Sales),ShikshaGurus,Actively hiring,Work from home,2 Months," 5,000  +  Incentives","Sales, Negotiation, Business Strategy"
E-Commerce Sales,B.S Solutions,Actively hiring,Work from home,3 Months," 12,000 lump sum","Sales, Negotiation, CRM"
Social Media Marketing,Leadgenerator,Actively hiring,Bangalore,3 Months,"25,000","Marketing Strategy, Communication, Market Research"
Business Development (Sales),Social Dot Hub,Actively hiring,Work from home,6 Months," 8,000  +  Incentives","Sales, Negotiation, Business Strategy"
Social Media Marketing,Brandshark,Actively hiring,Bangalore,3 Months,"10,000","Marketing Strategy, Communication, Market Research"
Social Media Marketing,CheQ Digital Private Limited,Actively hiring,Bangalore                                                            (Hybrid),6 Months,"25,000","Marketing Strategy, Communication, Market Research"
Illustrator Designer,Blue Rose Publishers,Actively hiring,Noida,6 Months," 18,000-20,000 ","Graphic Design, Photoshop, Illustrator"
Motion Graphic Cum Graphic Design,Medonomy,Actively hiring,Noida,6 Months," 10,000-20,000 ","Graphic Design, Photoshop, Illustrator"
Auditing & Accounting,CHORDIA & ASSOCIATES,Actively hiring,Jodhpur,3 Months,"10,000","Accounting, Tally, Excel"
Recruitment Consultant,Valuemount Services Private Limited,Actively hiring,Hyderabad,6 Months,"10,000","Consulting, Analysis, Presentation"
Catalogue Management,Goodera,Actively hiring,Bangalore,6 Months,"20,000","Communication, Teamwork"
HR Executive,Techdome Solutions Private Limited,Actively hiring,Hyderabad,3 Months," 8,000-12,000 ","Recruitment, HR Management, Communication"
HR Admin,Techdome Solutions Private Limited,Actively hiring,Hyderabad,3 Months," 8,000-12,000 ","Administration, Coordination, MS Office"
Forex Trading Expert,Flying Pigeon Solutions,Actively hiring,Jaipur,2 Months," 12,000-20,000 ","Communication, Teamwork"
Business Development (Sales),Supreme Forex (Supreme Securities Limited),Actively hiring,Work from home,5 Months,"11,000","Sales, Negotiation, Business Strategy"
Human Resources (HR),Beeyond Tech,Actively hiring,Mumbai,3 Months," 8,000-10,000 ","Recruitment, HR Management, Communication"
Graphic Design,Coding Junior,Actively hiring,Work from home,3 Months,"2,000","Graphic Design, Photoshop, Illustrator"
Medical Pre-sales For Clinic Software Platform,Emvoke Technologies Private Limited,Actively hiring,Work from home,3 Months,"7,000","Sales, Negotiation, CRM"
Embedded Systems,Bilateral Solutions Private Limited,Actively hiring,Mandi,6 Months," 10,000-12,000 ","Embedded Systems, C, Microcontrollers"
Teaching And Office Support - Chaukhandi,Scope For Change,Actively hiring,Delhi,6 Months," 5,000-6,000 ","Teaching, Curriculum Design, Communication"
Subject Matter Expert (Physics),Kunduz Technologies,Actively hiring,Work from home,3 Months," 5,000-6,000 ","Communication, Teamwork"
Doubt Solving Expert (Mathematics),Kunduz Technologies,Actively hiring,Work from home,3 Months," 5,000-6,000 ","Communication, Teamwork"
Doubt Solving (Inorganic Chemistry),Kunduz Technologies,Actively hiring,Work from home,3 Months," 5,000-6,000 ","Communication, Teamwork"
Insurance Content Writer,RK & Co,Actively hiring,Work from home,4 Months,"7,000","Writing, SEO, Research"
Market Research,Avaesa,Actively hiring,Work from home,3 Months," 5,000-10,000 ","Research, Analysis, Report Writing"
3D Modelling,Panoculon Labs,Actively hiring,Work from home,1 Month,"7,500","Communication, Teamwork"
Aide Supervisor (Fundraising),Pawzz,Actively hiring,Work from home,3 Weeks," 1,500-10,000 ","Communication, Teamwork"
Human Resources (HR),Sunstone Education Technology Private Limited,Actively hiring,Gurgaon,2 Months,"11,000","Recruitment, HR Management, Communication"
Content Design (Personal Branding Specialist),Ozibook Tech Solutions Private Limited,Actively hiring,Work from home,4 Months,"10,000","Marketing Strategy, Branding, Communication"
Channel Partner Manager,Rydeu Logistics UG,Actively hiring,Work from home,6 Months," 8,000-10,000 ","Communication, Teamwork"
Human Resources (HR),Absolute People Screen Private Limited,Actively hiring,Gurgaon,6 Months,"10,000","Recruitment, HR Management, Communication"
Python Development,Akaaro,Actively hiring,Gurgaon                                                            (Hybrid),1 Month,"2,000","Python,SQL,Django"
Human Resources (HR),NayePankh Foundation,Actively hiring,Ghaziabad,3 Months,"15,000","Recruitment, HR Management, Communication"
Social Media Marketing,Social Parindee Digital Marketing Agency Private Limited,Actively hiring,Work from home,6 Months," 1,000-5,000 ","Marketing Strategy, Communication, Market Research"
Unity Game Developer,Monkhub,Actively hiring,Gurgaon,6 Months," 8,000-10,000 ","C,unity,blender"
Data Entry,Esta Global,Actively hiring,Kolkata,6 Months,"6,000","Excel,python,SQL"
UI/UX Designer,AppVersal,Actively hiring,Noida,3 Months,"10,000","Figma, Wireframing, Prototyping"
Influencer Marketing,Dollarpe Technologies Private Limited,Actively hiring,Work from home,2 Months," 1,000  +  Incentives","Marketing Strategy, Communication, Market Research"
Prompt Engineering,Ozibook Tech Solutions Private Limited,Actively hiring,Work from home,2 Months,"1,000","Communication, Teamwork"
E-Commerce Marketing,A Box Of Stories,Actively hiring,Work from home,3 Months," 8,000-10,000 ","Marketing Strategy, Communication, Market Research"
Accounting,Gloval International,Actively hiring,Mumbai,3 Months,"10,000","Accounting, Tally, Excel"
Professional Video Editor/Graphics Designer,Kusum Sharma,Actively hiring,Work from home,6 Months,"6,000","Video Editing, Premiere Pro, After Effects"
Marketing,MentorBoxx,Actively hiring,Pune,3 Months,"5,500","Marketing Strategy, Communication, Market Research"
Event Management,Flamingo Communications India Private Limited,Actively hiring,"Thane, Mumbai",3 Months,"8,000","Communication, Teamwork"
Marketing (Lead Generation),Tripple One Solutions,Actively hiring,Work from home,1 Month," 3,000-10,000 ","Marketing Strategy, Communication, Market Research"
Telecalling,Younglabs Innovations Private Limited,Actively hiring,"Delhi, Noida",3 Months," 8,000-10,000 ","Communication, Sales, Customer Handling"
Design Category,Meragi,Actively hiring,Delhi,3 Months,"15,000","Graphic Design, Photoshop, Illustrator"
Customer Service/Customer Support,MentorBoxx,Actively hiring,Pune,3 Months,"15,000","Communication, Teamwork"
Technical Assistant,Ozibook Tech Solutions Private Limited,Actively hiring,Work from home,3 Months,"1,000","Coordination, Communication, MS Office"
Event Management,Office Of Advisor To CM,Actively hiring,Delhi,6 Months," 2,000-5,000 ","Communication, Teamwork"
Project Management,Elastochemie Impex,Actively hiring,Mumbai,6 Months," 10,000-15,000 ","Project Management, MS Project, Leadership"
Customer Service/Customer Support,Sports For All,Actively hiring,Mumbai,6 Months," 10,000-15,000 ","Communication, Teamwork"
Business Development (Sales),CyberFrat,Actively hiring,Mumbai,2 Months," 10,000-15,000 ","Sales, Negotiation, Business Strategy"
Campus Ambassador,Blue Rose Publishers,Actively hiring,Work from home,1 Month,Performance Based,"Marketing, Networking, Event Promotion"
Market Research,Ekvity,Actively hiring,Mumbai,6 Months,"8,000","Research, Analysis, Report Writing"
Angular.js Development,Quarks Technosoft Private Limited,Actively hiring,Noida,6 Months,"15,000","Communication, Teamwork"
Sales And Outreach (S&O),Pawzz,Actively hiring,Work from home,3 Weeks," 1,500-5,000 ","Sales, Negotiation, CRM"
Campus Ambassador,Supreme Forex (Supreme Securities Limited),Actively hiring,Delhi,2 Months,Performance Based,"Marketing, Networking, Event Promotion"
Digital Marketing,"Enshrine Global Systems (Detroit, United States)",Actively hiring,Work from home,3 Months,"5,000","SEO, Google Ads, Social Media Marketing"
Social Media Marketing,Visualview Media,Actively hiring,"Pune, Pimpri-Chinchwad",3 Months,"10,000","Marketing Strategy, Communication, Market Research"
Fundraising & Volunteering,NayePankh Foundation,Actively hiring,Work from home,1 Month,20% of Total Funds Raised,"Communication, Teamwork"
Video Editing/Making,Catalyst Crew,Actively hiring,Mumbai                                                            (Hybrid),6 Months,"10,000","Video Editing, Premiere Pro, After Effects"
Content Writing,Traya Health,Actively hiring,Mumbai,3 Months,"15,000","Content Writing, Editing, SEO"
Video Solution Expert - IIT/JEE/NEET,CloudBird Digital Private Limited,Actively hiring,Work from home,6 Months," 8,000-9,000 ","Video Editing, Premiere Pro, After Effects"
Fundraising,Marpu Foundation,Actively hiring,Work from home,2 Weeks,Unpaid,"Communication, Teamwork"
Wix Website Development,Ozibook Tech Solutions Private Limited,Actively hiring,Work from home,3 Months,"1,000","HTML,css,react,node,mongoDB"
React Native Developer,StoreShoppy Online Services Private Limited,Actively hiring,"Faridabad, Delhi, Gurgaon, Noida",4 Months," 5,000-10,000 ","React, javaScript,Express"
HR Consultant,Aaptatt,Actively hiring,"Delhi, Gurgaon, Sonipat, Noida                                                            (Hybrid)",3 Months,"2,500","Consulting, Analysis, Presentation"
Sales,YourDOST Health Solutions,Actively hiring,Bangalore,6 Months," 15,000-18,000 ","Sales, Negotiation, CRM"
Investment Banker,Firstricoz Private Limited,Actively hiring,Work from home,6 Months," 1,000  +  Incentives","Communication, Teamwork"
Motion Graphics,Creatiwise,Actively hiring,Work from home,6 Months," 8,000-15,000 ","Graphic Design, Photoshop, Illustrator"
Graphic Design,Fables,Actively hiring,Gurgaon,2 Months," 10,000-15,000 ","Graphic Design, Photoshop, Illustrator"
Content Development (Mathematics),Referencified Tech Private Limited,Actively hiring,Work from home,3 Months,"3,000","Content Writing, Editing, SEO"
Brand Marketing,Dhruvaashi Software & Technology (OPC) Private Limited,Actively hiring,Work from home,3 Months,"2,000","Marketing Strategy, Branding, Communication"
Social Media Marketing,Tradester Retail & Wholesale Private Limited,Actively hiring,Chennai,1 Month,"5,000","Marketing Strategy, Communication, Market Research"
Sales,Flying Pigeon Solutions,Actively hiring,Work from home,2 Months," 3,000-5,000 ","Sales, Negotiation, CRM"
Content Writing,Senso Vision System,Actively hiring,Bangalore                                                            (Hybrid),3 Months,"5,000","Content Writing, Editing, SEO"
Documentation Specialist - Mechanical,Trashcon Labs Private Limited,Actively hiring,Bangalore,3 Months,"10,000","Communication, Teamwork"
Customer Service/Customer Support,Edumerge Solutions Private Limited,Actively hiring,Bangalore,3 Months,"20,000","Communication, Teamwork"
Content Writer,RankItRight Media,Actively hiring,Bangalore,6 Months,"25,000","Writing, SEO, Research"
Inside Sales,Yes Property,Actively hiring,Bangalore,3 Months,"10,000","Sales, Negotiation, CRM"
Customer Success Intern,Shopflo Technologies Private Limited,Actively hiring,Bangalore,6 Months,"20,000","Communication, Teamwork"
Salon Manager,AscendCode,Actively hiring,Hyderabad,3 Months,"15,000","Communication, Teamwork"
Virtual Volunteer,InAmigos Foundation,Actively hiring,Work from home,3 Weeks,20% of Revenue Generated,"Communication, Teamwork"
Human Resources (HR),Dhruvaashi Software & Technology (OPC) Private Limited,Actively hiring,"Chennai, Delhi, Kolkata, Bangalore, Mumbai",1 Month,"2,500","Recruitment, HR Management, Communication"
Online Autocad Tutor,Narigiri's Connect To Universe Private Limited,Actively hiring,Work from home,6 Months," 10,000-12,000 ","Communication, Teamwork"
Business Development (Sales),Agnihotri Securities Limited,Actively hiring,Work from home,2 Months," 3,000  +  Incentives","Sales, Negotiation, Business Strategy"
Field Sales Executive,Bezt Labs,Actively hiring,Bangalore,2 Months,"10,000","Sales, Negotiation, CRM"
Social Media Impact,Marpu Foundation,Actively hiring,Work from home,1 Month,Unpaid,"Social Media, Content Creation, Analytics"
Intern Program Management - Sales,Meragi,Actively hiring,Bangalore,3 Months,"15,000","Sales, Negotiation, CRM"
Business Development (BD Sales),Pawzz,Actively hiring,Work from home,2 Weeks," 1,500-10,000 ","Sales, Negotiation, Business Strategy"
Online Buisness Studies Faculty For School Kids.,Vikalp India Private Limited,Actively hiring,Work from home,6 Months," 6,000-9,000 ","Communication, Teamwork"
Online Account Faculty For School Kids.,Vikalp India Private Limited,Actively hiring,Work from home,6 Months," 6,000-9,000 ","Communication, Teamwork"
Online Marathi Faculty For School Kids.,Vikalp India Private Limited,Actively hiring,Work from home,6 Months," 5,000-8,000 ","Communication, Teamwork"
Fundraising/Crowdfunding,Basti Ki Pathshala Foundation,Actively hiring,Work from home,1 Month,20% of Total Funds Raised,"Communication, Teamwork"
Social Entrepreneurship,Basti Ki Pathshala Foundation,Actively hiring,Work from home,1 Month,20% of Total Funds Raised,"Leadership, Innovation, Social Impact"
Social Sector Operations,Basti Ki Pathshala Foundation,Actively hiring,Work from home,4 Weeks,20% of Total Funds Raised,"Operations Management, Coordination, MS Excel"
Campus Ambassador,SwasthAham,Actively hiring,Work from home,6 Months,Performance Based,"Marketing, Networking, Event Promotion"
Interior Design,M&N Corporation,Actively hiring,Work from home,6 Months,"3,000","Graphic Design, Photoshop, Illustrator"
Video And Graphic,Travokarma,Actively hiring,Work from home,2 Months," 10,000-15,000 ","Video Editing, Premiere Pro, After Effects"
Fundraising,The Skill Guru Foundation,Actively hiring,Work from home,1 Week,Unpaid,"Communication, Teamwork"
Campus Ambassador,ADM EDUCATION & WELFARE SOCIETY,Actively hiring,Work from home,3 Months,Performance Based,"Marketing, Networking, Event Promotion"
Fundraising,ADM EDUCATION & WELFARE SOCIETY,Actively hiring,Work from home,2 Weeks,Unpaid,"Communication, Teamwork"
3D Artist,IDZ Digital Private Limited,Actively hiring,"Thane, Navi Mumbai, Dombivli, Kalyan, Mumbai, Panvel",3 Months,"8,000","Communication, Teamwork"
Software Sales Executive,Emvoke Technologies Private Limited,Actively hiring,Work from home,6 Months," 7,000  +  Incentives","Sales, Negotiation, CRM"
Marketing & Sales,Kheoni Ventures Private Limited,Actively hiring,Udaipur,6 Months," 2,000  +  Incentives","Sales, Negotiation, CRM"
Content Strategist,Chrysalis Services,Actively hiring,"Chennai, Bangalore                                                            (Hybrid)",3 Months,"10,000","Content Writing, Editing, SEO"
Online Data Structure Tutor,Narigiri's Connect To Universe Private Limited,Actively hiring,Work from home,6 Months," 10,000-12,000 ","Python, SQL, Data Analysis"
Fundraising Operations,NayePankh Foundation,Actively hiring,Work from home,1 Month,20% of Total Funds Raised,"Operations Management, Coordination, MS Excel"
Current Affairs UPSC,International Institute Of SDGs & Public Policy Research,Actively hiring,Work from home,3 Months,Unpaid,"Communication, Teamwork"
Subject Matter Expert (Inorganic Chemistry),Kunduz Technologies,Actively hiring,Work from home,3 Months," 5,000-6,000 ","Communication, Teamwork"
Graphic Design,PassionMojo,Actively hiring,Work from home,2 Months,Unpaid,"Graphic Design, Photoshop, Illustrator"
Inside Sales,MBG Card,Actively hiring,Jabalpur,3 Months," 8,000-12,000 ","Sales, Negotiation, CRM"
Online Digital Logic Design Tutor,Narigiri's Connect To Universe Private Limited,Actively hiring,Work from home,6 Months," 10,000-12,000 ","Graphic Design, Photoshop, Illustrator"
"Research In Environment, Social And Governance",International Institute Of SDGs & Public Policy Research,Actively hiring,Work from home,3 Months,Unpaid,"Research, Analysis, Report Writing"
Business Development (Sales),Switchover India,Actively hiring,Nagpur,4 Months," 6,000-7,500 ","Sales, Negotiation, Business Strategy"
Campus Ambassador (Project Development),Masai School,Actively hiring,Work from home,5 Weeks," 1,000 /week +  Incentives","Marketing, Networking, Event Promotion"
Business Development At 3mguru,3mguru,Actively hiring,Work from home,2 Months," 3,000  +  Incentives","Sales, Negotiation, Business Strategy"
Business Development (Sales),Kheoni Ventures Private Limited,Actively hiring,Indore,3 Months," 5,000-10,000 ","Sales, Negotiation, Business Strategy"
Sales And Marketing,Highway Delite,Actively hiring,Guwahati,3 Months,"8,000","Sales, Negotiation, CRM"
Business Development (Sales),Stellar8 Labs,Actively hiring,Indore,3 Months," 2,000  +  Incentives","Sales, Negotiation, Business Strategy"
Lead Generation,Heterize Infotech Private Limited,Actively hiring,Indore,3 Months," 7,000-12,000 ","Communication, Teamwork"
United States Curriculum Computer Science,Narigiri's Connect To Universe Private Limited,Actively hiring,Work from home,3 Months," 1,000-8,000 ","Communication, Teamwork"
E-Commerce Catalog Management,Heterize Infotech Private Limited,Actively hiring,Indore,3 Months," 5,000-8,000 ","Communication, Teamwork"
Social Media Marketing,Kheoni Ventures Private Limited,Actively hiring,Indore,6 Months,"5,000","Marketing Strategy, Communication, Market Research"
Field Sales,Heterize Infotech Private Limited,Actively hiring,Indore,3 Months," 8,000-10,000 ","Sales, Negotiation, CRM"
US Curriculum Math Online Tutor,Narigiri's Connect To Universe Private Limited,Actively hiring,Work from home,6 Months," 1,000-8,000 ","Communication, Teamwork"
Business Development (Sales),Tutedude,Actively hiring,Work from home,3 Months," 5,000-10,000 ","Sales, Negotiation, Business Strategy"
Telugu Audio Transcription Expert,Indiaum Solutions,Actively hiring,Work from home,4 Months," 7,000-15,000 ","Typing, Listening, Attention to Detail"
Business Development (Sales),Kanwal Industrial Corporation,Actively hiring,Noida,3 Months," 8,000  +  Incentives","Sales, Negotiation, Business Strategy"
Business Development (Sales),Stirring Minds,Actively hiring,Delhi,2 Months," 2,000  +  Incentives","Sales, Negotiation, Business Strategy"
Fellowship,Flashlights Welfare Society,Actively hiring,Work from home,3 Months,Unpaid,"Communication, Teamwork"
E-commerce Operations,Heterize Infotech Private Limited,Actively hiring,Indore,3 Months," 2,000-5,000 ","Operations Management, Coordination, MS Excel"
Lead Generation,Stirring Minds,Actively hiring,Delhi,2 Months," 3,000  +  Incentives","Communication, Teamwork"
Digital Marketing,Techdome Solutions Private Limited,Actively hiring,Indore,6 Months," 8,000-12,000 ","SEO, Google Ads, Social Media Marketing"
Business Development (Sales),Flying Pigeon Solutions,Actively hiring,Jaipur,2 Months,"10,000","Sales, Negotiation, Business Strategy"
Telugu Transcription Specialist,Indiaum Solutions,Actively hiring,Work from home,4 Months," 7,000-15,000 ","Typing, Listening, Attention to Detail"
Content Writing,Kheoni Ventures Private Limited,Actively hiring,Indore,6 Months,"7,000","Content Writing, Editing, SEO"
Business Development (Sales),Botlie Software And Consulting Private Limited,Actively hiring,Greater Noida,6 Months,"15,000","Sales, Negotiation, Business Strategy"
Inside Sales,Heterize Infotech Private Limited,Actively hiring,Indore,3 Months,"7,000","Sales, Negotiation, CRM"
Business Development (Sales),Gigde Global Solutions Private Limited,Actively hiring,"Delhi, Ghaziabad, Gurgaon, Greater Noida, Noida",6 Months," 10,000-15,000 ","Sales, Negotiation, Business Strategy"
Inside Sales,Stirring Minds,Actively hiring,Delhi,2 Months," 2,000  +  Incentives","Sales, Negotiation, CRM"
Business Development (Sales),Dexter CHem,Actively hiring,Gurgaon,6 Months," 15,000  +  Incentives","Sales, Negotiation, Business Strategy"
Business Development (Sales),MBSAP Enterprises,Actively hiring,Noida,2 Months," 8,000-12,000 ","Sales, Negotiation, Business Strategy"
Inside Sales,Stirring Minds,Actively hiring,Delhi,2 Months," 3,000  +  Incentives","Sales, Negotiation, CRM"
Business Development (Sales),VittShala,Actively hiring,Delhi                                                            (Hybrid),2 Months," 8,000  +  Incentives","Sales, Negotiation, Business Strategy"
ICSE Computer Science Proper School Teacher,Narigiri's Connect To Universe Private Limited,Actively hiring,Work from home,3 Months," 1,000-8,000 ","Teaching, Mentoring, Communication"
Business Development (Sales),Rankfast,Actively hiring,Delhi,6 Months,"20,000","Sales, Negotiation, Business Strategy"
International Business Development,Alea IT Solutions,Actively hiring,Jaipur,3 Months," 10,000-15,000 ","Sales, Negotiation, Business Strategy"
Digital Marketing,Ossum Technology,Actively hiring,Nagpur,3 Months," 5,000  +  Incentives","SEO, Google Ads, Social Media Marketing"
Social Media Marketing,Heterize Infotech Private Limited,Actively hiring,Indore,3 Months,"2,000","Marketing Strategy, Communication, Market Research"
Sales Consultant,Wave Visas,Actively hiring,Delhi,3 Months,"8,000","Sales, Negotiation, CRM"
Software Product Sales And Marketing Executive,Hexadecimal Software Private Limited,Actively hiring,"Faridabad, Delhi, Ghaziabad, Gurgaon, Noida                                                            (Hybrid)",6 Months," 10,000-20,000 ","Sales, Negotiation, CRM"
Business Development (Sales),Sports For All,Actively hiring,Indore,3 Months,"12,000","Sales, Negotiation, Business Strategy"
Content Writing,Xsoln,Actively hiring,Jaipur,3 Months,"8,000","Content Writing, Editing, SEO"
Telecalling,Stirring Minds,Actively hiring,Delhi,2 Months," 3,000  +  Incentives","Communication, Sales, Customer Handling"
Field Sales,Legit Farms,Actively hiring,"Erode, Nizamabad, Salem, Chamarajanagar",6 Months," 10,000-15,000 ","Sales, Negotiation, CRM"
Business Development (Inside-sales),Heterize Infotech Private Limited,Actively hiring,Indore,3 Months," 7,000-14,000 ","Sales, Negotiation, Business Strategy"
Telecalling,GoMechanic,Actively hiring,Gurgaon,3 Months,"10,000","Communication, Sales, Customer Handling"
Client Acquisition,O4S,Actively hiring,Gurgaon,3 Months,"10,000","Communication, Teamwork"
Brand Ambassador,Kheoni Ventures Private Limited,Actively hiring,"Delhi, Gurgaon, Udaipur",2 Months," 5,000-8,000 ","Marketing Strategy, Branding, Communication"
Content Writer (Digital Marketing),IIDE Education Private Limited,Actively hiring,Mumbai,6 Months,"5,000","SEO, Google Ads, Social Media Marketing"
Business Strategy,Urban NXT,Actively hiring,Mumbai,3 Months," 3,000  +  Incentives","Sales, Negotiation, Business Strategy"
Content Writing,AIETS COM PVT LTD,Actively hiring,Delhi,3 Months,"12,000","Content Writing, Editing, SEO"
Corporate Sales,Break The Code,Actively hiring,Mumbai,3 Months,"7,000","Sales, Negotiation, CRM"
Content Writer,IIDE Education Private Limited,Actively hiring,Mumbai,6 Months,"7,500","Writing, SEO, Research"
Founders Office - Technical Operation,NextEdge Labs,Actively hiring,"Thane, Mumbai                                                            (Hybrid)",6 Months,"5,000","Communication, Teamwork"
Content Writing,Franklyns,Actively hiring,Mumbai                                                            (Hybrid),2 Months," 6,000-15,000 ","Content Writing, Editing, SEO"
Telugu Language Transcriber,Indiaum Solutions,Actively hiring,Work from home,4 Months," 7,000-15,000 ","Communication, Teamwork"
Business Development (Sales),Pageant Paradise,Actively hiring,Noida,3 Months," 5,000-10,000 ","Sales, Negotiation, Business Strategy"
Anchoring,Urban NXT,Actively hiring,Mumbai,3 Months," 3,000  +  Incentives","Anchoring, Public Speaking, Presentation"
Business Development (Sales),BuySupplies,Actively hiring,Ahmedabad,6 Months,"8,000","Sales, Negotiation, Business Strategy"
Telecalling,Urban NXT,Actively hiring,Mumbai,3 Months," 3,000  +  Incentives","Communication, Sales, Customer Handling"
Business Development Trainee - Water & Waste Water,Aquasense Private Limited,Actively hiring,"Delhi, Gurgaon, Noida                                                            (Hybrid)",6 Months," 10,000-15,000 ","Sales, Negotiation, Business Strategy"
Fashion Consultant,Break The Code,Actively hiring,Mumbai,3 Months,"7,000","Consulting, Analysis, Presentation"
Loan Officer,Medius Technologies Private Limited,Actively hiring,Mumbai,5 Months,"6,500","Communication, Teamwork"
Business Development (Sales),HKS Manpower,Actively hiring,Gurgaon,3 Months,"10,000","Sales, Negotiation, Business Strategy"
Telecalling,Catalyst Crew,Actively hiring,Mumbai,6 Months," 3,500  +  Incentives","Communication, Sales, Customer Handling"
Business Development (Sales),Drip Capital,Actively hiring,Mumbai,6 Months,"15,000","Sales, Negotiation, Business Strategy"
Editorial,Times Internet,Actively hiring,Mumbai,6 Months,"10,000","Communication, Teamwork"
Academic Content Writer,IIDE Education Private Limited,Actively hiring,Mumbai,6 Months,"5,000","Writing, SEO, Research"
Technical Writer Intern,Digite Infotech Private Limited,Actively hiring,Mumbai                                                            (Hybrid),6 Months," 17,000-20,000 ","Writing, SEO, Research"
Online French Faculty For School Kids.,Vikalp India Private Limited,Actively hiring,Work from home,6 Months," 5,000-9,000 ","Communication, Teamwork"
Business Development (Sales),Scalar Tech Media Private Limited,Actively hiring,Mumbai,3 Months," 8,000-10,000 ","Sales, Negotiation, Business Strategy"
Education Counseling,Dough One Sources Private Limited,Actively hiring,"Delhi, Gurgaon",6 Months," 8,000-14,000 ","Communication, Teamwork"
Lead Generation,WEMATTER PXT Limited,Actively hiring,Mumbai,3 Months,"15,000","Communication, Teamwork"
Content Writing,Gayatri Dave,Actively hiring,Mumbai,6 Months," 3,000-5,000 ","Content Writing, Editing, SEO"
Operations,Think EBikeGO Private Limited,Actively hiring,Mumbai,3 Months,"10,000","Operations Management, Coordination, MS Excel"
Real Estate Pre-Sales,Reflex Realty LLP,Actively hiring,Mumbai,6 Months," 6,000-8,000 ","Sales, Negotiation, CRM"
Telecalling,Medius Technologies Private Limited,Actively hiring,Mumbai,6 Months,"6,500","Communication, Sales, Customer Handling"
Videography,Eat Nino Private Limited,Actively hiring,Mumbai,4 Months," 10,000-15,000 ","Video Editing, Premiere Pro, After Effects"
Motion Graphics,Scalar Tech Media Private Limited,Actively hiring,Mumbai,3 Months," 10,000-15,000 ","Graphic Design, Photoshop, Illustrator"
Business Development (Sales),Kitchen Spurs,Actively hiring,Mumbai,3 Months," 15,000  +  Incentives","Sales, Negotiation, Business Strategy"
Business Development (Sales),Shvaas,Actively hiring,Mumbai,2 Months," 5,000  +  Incentives","Sales, Negotiation, Business Strategy"
Customer Service/Customer Support,Digital Guruji,Actively hiring,Delhi                                                            (Hybrid),6 Months,"10,000","Communication, Teamwork"
Operations,Valkyre Clothing,Actively hiring,Mumbai,6 Months," 8,000-12,000 ","Operations Management, Coordination, MS Excel"
Customer Service/Customer Support,Medius Technologies Private Limited,Actively hiring,Mumbai,6 Months,"6,500","Communication, Teamwork"
Business Development (Sales),Think EBikeGO Private Limited,Actively hiring,Mumbai,3 Months," 8,000-10,000 ","Sales, Negotiation, Business Strategy"
Corporate Sales,Scalar Tech Media Private Limited,Actively hiring,Mumbai,3 Months," 8,000-10,000 ","Sales, Negotiation, CRM"
Sales (Retail),Olivecloud Tech Pvt Ltd,Actively hiring,Mumbai,6 Months,"10,000","Sales, Negotiation, CRM"
Entrepreneur In Residence (Sales),PatilKaki,Actively hiring,Mumbai                                                            (Hybrid),3 Months,"10,000","Leadership, Innovation, Social Impact"
Corporate Sales,Vehant Technologies Private Limited,Actively hiring,"Greater Noida, Noida",6 Months,"10,000","Sales, Negotiation, CRM"
Search Engine Optimization (SEO),Akrati Jewels Incorporation,Actively hiring,Jaipur,4 Months,"10,000","SEO, Google Analytics, Keyword Research"
Content Writing,WEMATTER PXT Limited,Actively hiring,Mumbai,3 Months,"15,000","Content Writing, Editing, SEO"
Logistics and Store Operations Executive,GS1India,Actively hiring,Mumbai,6 Months," 20,000-25,000 ","Operations Management, Coordination, MS Excel"
Administration,FitCru,Actively hiring,Mumbai,6 Months," 12,000-15,000 ","Administration, Coordination, MS Office"
Business Development (Sales),Expertrons,Actively hiring,Mumbai                                                            (Hybrid),4 Months," 7,000-10,000 ","Sales, Negotiation, Business Strategy"
Digital Marketing,Netliz Technologies,Actively hiring,Indore,3 Months," 5,000-8,000 ","SEO, Google Ads, Social Media Marketing"
Client Servicing,G&T-Star Production And Entertainment Private Limited,Actively hiring,Noida,3 Months," 6,000-8,000 ","Communication, Teamwork"
Administration,JRB Eventz,Actively hiring,Mumbai,4 Months,"12,000","Administration, Coordination, MS Office"
Sales,BHK WORLD,Actively hiring,Thane,6 Months," 10,000  +  Incentives","Sales, Negotiation, CRM"
Search Engine Optimization (SEO),Infoware,Actively hiring,Ahmedabad                                                            (Hybrid),5 Months,"5,000","SEO, Google Analytics, Keyword Research"
Business Research,Urban NXT,Actively hiring,Mumbai,3 Months," 3,000  +  Incentives","Sales, Negotiation, Business Strategy"
Business Development (Sales),Candies Studio,Actively hiring,"Navi Mumbai, Mumbai                                                            (Hybrid)",6 Months,"15,000","Sales, Negotiation, Business Strategy"
Telecalling,Reflex Realty LLP,Actively hiring,Mumbai,3 Months," 5,000-10,000 ","Communication, Sales, Customer Handling"
Video Editing/Making,Flying Pigeon Solutions,Actively hiring,Jaipur,3 Months,"15,000","Video Editing, Premiere Pro, After Effects"
Customer Service/Customer Support,Ayurveda House Private Limited,Actively hiring,"Delhi, Ghaziabad, Gurgaon, Noida",3 Months," 10,000-12,000 ","Communication, Teamwork"
Administration,Urban NXT,Actively hiring,Mumbai,3 Months," 3,000  +  Incentives","Administration, Coordination, MS Office"
Social Media Marketing,Scalar Tech Media Private Limited,Actively hiring,Mumbai,3 Months," 5,000-8,000 ","Marketing Strategy, Communication, Market Research"
Travel Consultant,The Tarzan Way,Actively hiring,"Delhi, Noida                                                            (Hybrid)",3 Months," 5,000-10,000 ","Consulting, Analysis, Presentation"
Customer Service/Customer Support,Gift It Right,Actively hiring,Delhi,4 Months," 8,000-12,000 ","Communication, Teamwork"
Warehouse Supervisor,Dough One Sources Private Limited,Actively hiring,"Sonipat, Haryana",6 Months," 12,000-15,000 ","Communication, Teamwork"
Customer Success,LogisticsNow,Actively hiring,Mumbai,6 Months," 8,000  +  Incentives","Communication, Teamwork"
Celebs Management,Evine Global,Actively hiring,Mumbai                                                            (Hybrid),3 Months," 5,000  +  Incentives","Communication, Teamwork"
Content Writing,Relinns Technologies,Actively hiring,Mohali,6 Months,"8,000","Content Writing, Editing, SEO"
Content Writing,Infoware,Actively hiring,Ahmedabad                                                            (Hybrid),4 Months,"5,000","Content Writing, Editing, SEO"
Sales,Urban NXT,Actively hiring,Mumbai,3 Months," 3,000  +  Incentives","Sales, Negotiation, CRM"
Social Media Marketing,Web Dakaar Digital Consultancy LLP,Actively hiring,"Thane, Kalyan, Mumbai",5 Months,"6,000","Marketing Strategy, Communication, Market Research"
Script Writer,Persist Ventures,Actively hiring,Mumbai                                                            (Hybrid),3 Months,"12,500","Writing, SEO, Research"
Academic Curriculum Writer - Digital Marketing,IIDE Education Private Limited,Actively hiring,Mumbai,6 Months,"5,000","SEO, Google Ads, Social Media Marketing"
Content Writing,Olivecloud Tech Pvt Ltd,Actively hiring,Mumbai,6 Months,"8,000","Content Writing, Editing, SEO"
Customer Chat Support,Ayurveda House Private Limited,Actively hiring,"Delhi, Ghaziabad, Gurgaon, Noida",3 Months," 10,000-12,000 ","Communication, Teamwork"
Content Writing,Urban NXT,Actively hiring,Mumbai,3 Months," 3,000  +  Incentives","Content Writing, Editing, SEO"
Brand Management,Urban NXT,Actively hiring,Mumbai,3 Months," 3,000  +  Incentives","Marketing Strategy, Branding, Communication"
Brand Management,GREENARYWORLD.COM,Actively hiring,Mumbai,2 Months,"2,500","Marketing Strategy, Branding, Communication"
Search Engine Optimization (SEO),Olivecloud Tech Pvt Ltd,Actively hiring,Mumbai,3 Months,"7,500","SEO, Google Analytics, Keyword Research"
Video Editing/Making,The Preface,Actively hiring,Mumbai,3 Months,"12,000","Video Editing, Premiere Pro, After Effects"
Influencer Marketing,Break The Code,Actively hiring,Mumbai,3 Months,"7,000","Marketing Strategy, Communication, Market Research"
Market Research,WhizJuniors,Actively hiring,Mumbai,6 Months,"10,000","Research, Analysis, Report Writing"
Business Development (Sales),Urban NXT,Actively hiring,Mumbai,3 Months," 3,000  +  Incentives","Sales, Negotiation, Business Strategy"
Digital Marketing,Urban NXT,Actively hiring,Mumbai,3 Months," 3,000  +  Incentives","SEO, Google Ads, Social Media Marketing"
Media & Public Relations (PR),Viewpoint Public Relations,Actively hiring,Mumbai,6 Months,"10,000","Communication, Teamwork"
Social Media Marketing,Olivecloud Tech Pvt Ltd,Actively hiring,Mumbai,6 Months,"8,000","Marketing Strategy, Communication, Market Research"
Video Editing/Making,Olivecloud Tech Pvt Ltd,Actively hiring,Mumbai,6 Months,"10,000","Video Editing, Premiere Pro, After Effects"
Influencer Marketing,Urban NXT,Actively hiring,Mumbai,3 Months," 3,000  +  Incentives","Marketing Strategy, Communication, Market Research"
Business Development (Sales),WashedUp,Actively hiring,"Thane, Navi Mumbai, Mumbai",2 Months," 2,000  +  Incentives","Sales, Negotiation, Business Strategy"
Market Research,Traya Health,Actively hiring,Mumbai,3 Months," 15,000-30,000 ","Research, Analysis, Report Writing"
Content Writing,PK Online Ventures Private Limited,Actively hiring,Gurgaon,3 Months," 6,000-10,000 ","Content Writing, Editing, SEO"
Digital Marketing,Reflex Realty LLP,Actively hiring,Mumbai,6 Months," 5,000-8,000 ","SEO, Google Ads, Social Media Marketing"
Business Development,Relinns Technologies,Actively hiring,"Chandigarh, Ludhiana, Mohali, Punjab",6 Months,"8,000","Sales, Negotiation, Business Strategy"
Assistant To Founder,IOFTHEANCIENT,Actively hiring,Mumbai,2 Months,"10,000","Coordination, Communication, MS Office"
Social Media Manager,Shashwat Singhal,Actively hiring,Prayagraj,6 Months,"5,000","Social Media, Content Creation, Analytics"
Content Writing,Catalyst Crew,Actively hiring,Mumbai                                                            (Hybrid),6 Months," 2,000  +  Incentives","Content Writing, Editing, SEO"
Social Media Manager,Nazar Battu Productions Private Limited,Actively hiring,Dehradun,3 Months,"5,000","Social Media, Content Creation, Analytics"
Loan Officer,ALSIRAAT,Actively hiring,"Thane, Mumbai",6 Months,"10,000","Communication, Teamwork"
Marketing,Wiishbox Consumer Private Limited,Actively hiring,Mumbai,3 Months," 10,000-15,000 ","Marketing Strategy, Communication, Market Research"
Motion Graphics,Catalyst Crew,Actively hiring,Mumbai,6 Months,"10,000","Graphic Design, Photoshop, Illustrator"
E-Commerce Catalog Management,BuySupplies,Actively hiring,Ahmedabad,3 Months,"10,000","Communication, Teamwork"
Video Editor,The Souled Store,Actively hiring,Mumbai                                                            (Hybrid),3 Months,"10,000","Video Editing, Premiere Pro, After Effects"
Database Building/Management,Urban NXT,Actively hiring,Mumbai,3 Months," 3,000  +  Incentives","Python, SQL, Data Analysis"
Digital Marketing,Marcken Consulting LLP,Actively hiring,Ahmedabad,6 Months,"8,000","SEO, Google Ads, Social Media Marketing"
Customer Service/Customer Support,CarryPro,Actively hiring,"Delhi, Noida",3 Months,"15,000","Communication, Teamwork"
Customer Relationship Mangement,Gloval International,Actively hiring,Mumbai,1 Month,"8,000","Communication, Teamwork"
Digital Marketing Assistant,Toposel,Actively hiring,Mumbai,6 Months,"10,000","SEO, Google Ads, Social Media Marketing"
Operations Assistant,Tuffman India Private Limited,Actively hiring,Chandigarh                                                            (Hybrid),6 Months,"12,000","Operations Management, Coordination, MS Excel"
Social Media Marketing,WEMATTER PXT Limited,Actively hiring,Mumbai,3 Months,"15,000","Marketing Strategy, Communication, Market Research"
Project Management,FynTune Solution Private Limited,Actively hiring,"Thane, Navi Mumbai, Vashi, Belapur, Mumbai, Turbhe, Panvel",6 Months," 12,000-18,000 ","Project Management, MS Project, Leadership"
Digital Marketing,Think EBikeGO Private Limited,Actively hiring,Mumbai,3 Months,"10,000","SEO, Google Ads, Social Media Marketing"
Digital Marketing,WhizJuniors,Actively hiring,Mumbai,6 Months,"14,000","SEO, Google Ads, Social Media Marketing"
Digital Marketing,Scalar Tech Media Private Limited,Actively hiring,Mumbai,3 Months," 8,000-10,000 ","SEO, Google Ads, Social Media Marketing"
Food Techonology,PatilKaki,Actively hiring,Navi Mumbai,3 Months,"10,000","Communication, Teamwork"
Content Writing,Grexa AI Private Limited,Actively hiring,Navi Mumbai,3 Months," 5,000-10,000 ","Content Writing, Editing, SEO"
Administration,FableStreet,Actively hiring,Gurgaon,3 Months,"10,000","Administration, Coordination, MS Office"
Customer Relationship & Sales,Unified Sports,Actively hiring,Delhi                                                            (Hybrid),6 Months," 8,000-10,000 ","Sales, Negotiation, CRM"
Food Production Management,PatilKaki,Actively hiring,Navi Mumbai,3 Months,"10,000","Communication, Teamwork"
Telecalling,Ayurvedam,Actively hiring,Mumbai,6 Months,"10,000","Communication, Sales, Customer Handling"
Videography,Ostello India Private Limited,Actively hiring,Delhi,4 Months," 8,000-15,000 ","Video Editing, Premiere Pro, After Effects"
Business Development (Sales),Indusmile Industries,Actively hiring,"Delhi, Greater Noida, Noida",3 Months," 6,000  +  Incentives","Sales, Negotiation, Business Strategy"
Business Development (Sales),Eqaro Surety Private Limited,Actively hiring,"Delhi, Gurgaon, Greater Noida, Noida",3 Months," 8,000-15,000 ","Sales, Negotiation, Business Strategy"
Social Media Marketing,The Prism Paradox,Actively hiring,Mumbai                                                            (Hybrid),6 Months,"15,000","Marketing Strategy, Communication, Market Research"
Anchoring,Small Box Office,Actively hiring,Delhi                                                            (Hybrid),6 Months,"3,000","Anchoring, Public Speaking, Presentation"
E-Commerce,PK Online Ventures Private Limited,Actively hiring,Gurgaon,6 Months," 5,000-8,000 ","Communication, Teamwork"
Cinematography,Thebrothing,Actively hiring,Noida,6 Months,"8,000","Communication, Teamwork"
Video Editing/Making,Unified Sports,Actively hiring,Delhi                                                            (Hybrid),6 Months," 7,000-10,000 ","Video Editing, Premiere Pro, After Effects"
Trainee - Social Media,BookMyShow,Actively hiring,Mumbai,6 Months,"7,500","Social Media, Content Creation, Analytics"
Video Editing/Making,GoMechanic,Actively hiring,Gurgaon,3 Months," 10,000-12,000 ","Video Editing, Premiere Pro, After Effects"
Partner Onboarding,Nivesh,Actively hiring,Noida,6 Months,"10,000","Communication, Teamwork"
Cinematography,Nazar Battu Productions Private Limited,Actively hiring,"Delhi, Noida",6 Months," 5,000-7,000 ","Communication, Teamwork"
Video Editing/Making,FootballGeek,Actively hiring,Navi Mumbai,3 Months," 7,500-10,000 ","Video Editing, Premiere Pro, After Effects"
Field Sales,WellnessZ,Actively hiring,Delhi,3 Months," 5,000  +  Incentives","Sales, Negotiation, CRM"
Video Editing/Making,Thebrothing,Actively hiring,Noida,6 Months,"10,000","Video Editing, Premiere Pro, After Effects"
Cinematography,Small Box Office,Actively hiring,Delhi,6 Months,"7,500","Communication, Teamwork"
Trainee - Live Entertainment (Activities),BookMyShow,Actively hiring,"Mumbai, Noida",6 Months,"7,500","Communication, Teamwork"
Research (Economics),Medius Technologies Private Limited,Actively hiring,Mumbai                                                            (Hybrid),4 Months,"6,500","Research, Analysis, Report Writing"
Social Media Marketing,Catalyst Crew,Actively hiring,Mumbai                                                            (Hybrid),6 Months,"5,000","Marketing Strategy, Communication, Market Research"
Video Editing/Making,Accredian,Actively hiring,Gurgaon                                                            (Hybrid),6 Months,"15,000","Video Editing, Premiere Pro, After Effects"
Chemistry,JS Water Energy Life Company,Actively hiring,Gurgaon,4 Months,"18,000","Communication, Teamwork"
NGO Coordinator,Hamari Pahchan NGO,Actively hiring,"Delhi, South",3 Months," 2,000-6,000 ","Communication, Teamwork"
Community Management,WEMATTER PXT Limited,Actively hiring,Mumbai,3 Months,"15,000","Community Building, Communication, Public Relations"
Video Editing/Making,MHLondon,Actively hiring,Noida,3 Months,"12,000","Video Editing, Premiere Pro, After Effects"
Art Gallery Film Associate,APRE Art House,Actively hiring,Mumbai,3 Months,"5,000","Film Production, Direction, Editing"
Social Media Marketing,Indusmile Industries,Actively hiring,Noida,3 Months," 5,000-8,000 ","Marketing Strategy, Communication, Market Research"
Operations,Supreme Forex (Supreme Securities Limited),Actively hiring,Delhi,6 Months," 20,000  +  Incentives","Operations Management, Coordination, MS Excel"
Subject Matter Expert (SME),Unimonks,Actively hiring,Delhi,3 Months," 4,500-13,000 ","Communication, Teamwork"
Telecalling For Edtech Startup At Bhopal,Lawtech,Actively hiring,Bhopal,3 Months," 10,000-12,000 ","Communication, Sales, Customer Handling"
Video Editing/Making,RYVR Immersive,Actively hiring,Mumbai,6 Months,"15,000","Video Editing, Premiere Pro, After Effects"
Business Development (Sales),VP Recruitment Services,Actively hiring,Pune,2 Months,"5,000","Sales, Negotiation, Business Strategy"
Content Writing,Stirring Minds,Actively hiring,Delhi,3 Months,"7,000","Content Writing, Editing, SEO"
Business Development (Sales),Ombre Bliss,Actively hiring,Gurgaon                                                            (Hybrid),4 Months," 10,000  +  Incentives","Sales, Negotiation, Business Strategy"
Business Development (Sales),Gazelles Management Consultancy,Actively hiring,Noida                                                            (Hybrid),6 Months," 15,000-20,000 ","Sales, Negotiation, Business Strategy"
Marketing & Operations,Internshala,Actively hiring,Gurgaon,6 Months,"18,000","Marketing Strategy, Communication, Market Research"
Business Development (Sales),Grivaa Consultancy Services,Actively hiring,Delhi                                                            (Hybrid),3 Months," 5,000-10,000 ","Sales, Negotiation, Business Strategy"
Digital Marketing,Laxmi Traders,Actively hiring,Noida,4 Months," 8,000-12,000 ","SEO, Google Ads, Social Media Marketing"
Campaign Delivery,Internshala,Actively hiring,Gurgaon,2 Months,"18,000","Communication, Teamwork"
Fashion Design And Merchandising,K.S.E. INC,Actively hiring,Mumbai,3 Months,"15,000","Graphic Design, Photoshop, Illustrator"
Social Media Marketing,The Tarzan Way,Actively hiring,"Delhi, Noida                                                            (Hybrid)",3 Months,"5,000","Marketing Strategy, Communication, Market Research"
Business Development (Sales),Polygon Pixels LLP,Actively hiring,Mumbai,4 Months," 12,000-20,000 ","Sales, Negotiation, Business Strategy"
Business Development (Sales),Career-Domain,Actively hiring,Pune,2 Months,"20,000","Sales, Negotiation, Business Strategy"
Business Development (Sales),Recycle Plastics,Actively hiring,"Delhi, Gurgaon",6 Months," 4,000-10,000 ","Sales, Negotiation, Business Strategy"
Business Development (Sales),Prociti,Actively hiring,Pune,3 Months,"15,000","Sales, Negotiation, Business Strategy"
Graphic Design,Shashwat Singhal,Actively hiring,"Allahabad, Prayagraj",3 Months,"7,000","Graphic Design, Photoshop, Illustrator"
Graphic Design,Heterize Infotech Private Limited,Actively hiring,Indore,3 Months," 7,000-10,000 ","Graphic Design, Photoshop, Illustrator"
Fashion Design,Sadhana Valia,Actively hiring,Mumbai,3 Months," 8,000-15,000 ","Graphic Design, Photoshop, Illustrator"
Fashion Design,Valkyre Clothing,Actively hiring,Mumbai,6 Months," 8,000-12,000 ","Graphic Design, Photoshop, Illustrator"
Fashion Design,Stareye Media & Entertainment Private Limited,Actively hiring,Noida,4 Months," 5,000-8,000 ","Graphic Design, Photoshop, Illustrator"
Management trainee,Esskay International,Actively hiring,Mumbai,6 Months," 15,000-18,000 ","Communication, Teamwork"
Operations,Earthfit Solutions Private Limited,Actively hiring,Pune,6 Months,"15,000","Operations Management, Coordination, MS Excel"
Graphic Design,Kheoni Ventures Private Limited,Actively hiring,Indore,3 Months," 5,000-12,000 ","Graphic Design, Photoshop, Illustrator"
Customer Service/Customer Support,HighQ Tourism,Actively hiring,"Faridabad, Delhi, Noida                                                            (Hybrid)",6 Months,"7,000","Communication, Teamwork"
Fashion Design,Impresio Studio,Actively hiring,Noida,3 Months,"10,000","Graphic Design, Photoshop, Illustrator"
Performance Marketing,Digital Factorys,Actively hiring,"Pune, Pimpri-Chinchwad",6 Months,"15,000","Marketing Strategy, Communication, Market Research"
E-commerce Content & Operations Specialist,EKOMN INDIA PRIVATE LIMITED,Actively hiring,Gurgaon,6 Months," 8,000  +  Incentives","Operations Management, Coordination, MS Excel"
Sales,Kausheyah,Actively hiring,Work from home,6 Months," 15,000  +  Incentives","Sales, Negotiation, CRM"
Google Ads Specialist,Zbotic,Actively hiring,Pimpri-Chinchwad,6 Months," 5,000-8,000 ","Communication, Teamwork"
Product Marketing,Optimum Orthocare Private Limited,Actively hiring,"Pune, Pimpri-Chinchwad                                                            (Hybrid)",6 Months," 8,000-12,000 ","Marketing Strategy, Communication, Market Research"
Video Editing/Making,NayePankh Foundation,Actively hiring,Work from home,3 Months,Unpaid,"Video Editing, Premiere Pro, After Effects"
Social Media,SwasthAham,Actively hiring,Work from home,6 Months,"1,000","Social Media, Content Creation, Analytics"
Business Development (Sales),Clippet Technolgies Private Litimed,Actively hiring,Bangalore,3 Months," 5,000  +  Incentives","Sales, Negotiation, Business Strategy"
Area Manager,NestAway Technologies Private Limited,Actively hiring,Bangalore,6 Months,"8,000","Communication, Teamwork"
Video Editing/Making,Jagath Venkat,Actively hiring,Bangalore                                                            (Hybrid),4 Months,"10,000","Video Editing, Premiere Pro, After Effects"
Motion Graphics,Zinnov Management Consulting,Actively hiring,Bangalore                                                            (Hybrid),3 Months," 20,000-25,000 ","Graphic Design, Photoshop, Illustrator"
Content Creation (Gaming/Esports),The World Of Battle,Actively hiring,"Navi Mumbai, Mumbai",3 Months,"5,000","Content Writing, Editing, SEO"
Operations,Prost Technologies Private Limited (OneAssure),Actively hiring,Bangalore,3 Months,"15,000","Operations Management, Coordination, MS Excel"
Sales,Trade Brains,Actively hiring,Bangalore,3 Months," 7,000-8,000 ","Sales, Negotiation, CRM"
Content Writing,Peoplebox.ai,Actively hiring,Bangalore,2 Months,"15,000","Content Writing, Editing, SEO"
Pastry Assistant Chef,German BrezelHaus Bakery&Bistro,Actively hiring,Bangalore,3 Months,"10,000","Coordination, Communication, MS Office"
Technical Content Writer,Pickcel,Actively hiring,Bangalore,6 Months,"15,000","Writing, SEO, Research"
Content Writing,Auctus Infometrics Private Limited,Actively hiring,Bangalore,3 Months,"10,000","Content Writing, Editing, SEO"
Performance Marketing,MiM-Essay,Actively hiring,Delhi,3 Months,"15,000","Marketing Strategy, Communication, Market Research"
Pre Sales,Meragi,Actively hiring,Bangalore,3 Months," 15,000-20,000 ","Sales, Negotiation, CRM"
Brand Management,SuperTails,Actively hiring,Bangalore,6 Months,"15,000","Marketing Strategy, Branding, Communication"
Marketing,Trebound,Actively hiring,Bangalore,3 Months," 6,000-10,000 ","Marketing Strategy, Communication, Market Research"
Sales,I2global School,Actively hiring,Bangalore,3 Months,"15,000","Sales, Negotiation, CRM"
Business Development (Sales),Trade Brains,Actively hiring,Bangalore,3 Months," 7,000-8,000 ","Sales, Negotiation, Business Strategy"
Human Resources (HR),PassionMojo,Actively hiring,Work from home,6 Months,"1,000","Recruitment, HR Management, Communication"
Event Management,Goodera,Actively hiring,Bangalore,6 Months,"20,000","Communication, Teamwork"
Founders Office,Magna Hire,Actively hiring,Bangalore,3 Months,"15,000","Communication, Teamwork"
Video Editing/Making,Yes Property,Actively hiring,Bangalore,3 Months,"10,000","Video Editing, Premiere Pro, After Effects"
Video Editing/Making,Career-Domain,Actively hiring,Pune                                                            (Hybrid),3 Months,"10,000","Video Editing, Premiere Pro, After Effects"
Marketing,Sanatan Organic,Actively hiring,Bangalore                                                            (Hybrid),4 Months," 5,000-10,000 ","Marketing Strategy, Communication, Market Research"
Business Development (Sales),Techyguide OPC Private Limited,Actively hiring,Bangalore,3 Months,"7,000","Sales, Negotiation, Business Strategy"
Administration,OmniNeura AI Technologies Pvt Ltd,Actively hiring,Bangalore                                                            (Hybrid),3 Months,"10,000","Administration, Coordination, MS Office"
Business Development (Sales),Kkonnect.io,Actively hiring,"Bangalore, Mumbai",3 Months,"10,000","Sales, Negotiation, Business Strategy"
Business Development (Sales),TERN,Actively hiring,"Delhi, Bangalore                                                            (Hybrid)",3 Months,"15,000","Sales, Negotiation, Business Strategy"
Hot Kitchen Assistant Chef,German BrezelHaus Bakery&Bistro,Actively hiring,Bangalore,3 Months,"8,000","Coordination, Communication, MS Office"
Content Writing,Techyguide OPC Private Limited,Actively hiring,Bangalore                                                            (Hybrid),3 Months,"5,000","Content Writing, Editing, SEO"
Business Development (Sales),Pibit.ai Limited,Actively hiring,Bangalore,6 Months,"20,000","Sales, Negotiation, Business Strategy"
Business Development (Sales),Edumerge Solutions Private Limited,Actively hiring,Bangalore,3 Months,"20,000","Sales, Negotiation, Business Strategy"
Steward/ Waiter Intern,German BrezelHaus Bakery&Bistro,Actively hiring,Bangalore,3 Months,"8,000","Communication, Teamwork"
Marketing,SmartQ,Actively hiring,Bangalore,3 Months,"10,000","Marketing Strategy, Communication, Market Research"
Graphic Design,Scalar Tech Media Private Limited,Actively hiring,Mumbai,3 Months," 10,000-15,000 ","Graphic Design, Photoshop, Illustrator"
E-commerce Executive,Vision 360 Security,Actively hiring,"Mangaluru, Hubli, Bangalore                                                            (Hybrid)",2 Months," 5,000-8,000 ","Communication, Teamwork"
Social Media Marketing,CraveDigi Advisors OPC Pvt. Ltd.,Actively hiring,"Bangalore, Karnal, Karnakuppe, Karnataka, Karnatakakodi                                                            (Hybrid)",1 Month,"2,000","Marketing Strategy, Communication, Market Research"
International Business Development,Medetronix Labs,Actively hiring,Bangalore,6 Months," 5,000-15,000 ","Sales, Negotiation, Business Strategy"
Inside Sales/Telecaller Executive,Happitude Digital Solutions Private Limited,Actively hiring,Bangalore                                                            (Hybrid),6 Months,"15,000","Sales, Negotiation, CRM"
Administration,HEXACARE PHARMACEUTICALS PVT LTD,Actively hiring,Bangalore,3 Months," 8,000-12,000 ","Administration, Coordination, MS Office"
Business Development (Sales),DevTown,Actively hiring,Bangalore,6 Months," 10,000-15,000 ","Sales, Negotiation, Business Strategy"
Search Engine Optimization (SEO),Qyuki Digital Media Private Limited,Actively hiring,"Mangaluru, Bangalore, Hubballi, Karnataka                                                            (Hybrid)",3 Months,"7,000","SEO, Google Analytics, Keyword Research"
Business Development (Sales),Webmobi,Actively hiring,Bangalore                                                            (Hybrid),3 Months," 5,000  +  Incentives","Sales, Negotiation, Business Strategy"
Social Media Marketing,RankItRight Media,Actively hiring,Bangalore,6 Months,"25,000","Marketing Strategy, Communication, Market Research"
E-commerce Operations,Varen E-Commerce Private Limited,Actively hiring,Bangalore,2 Months," 10,000-12,000 ","Operations Management, Coordination, MS Excel"
Mass com,Pro India,Actively hiring,Gurgaon                                                            (Hybrid),6 Months," 5,000  +  Incentives","Communication, Teamwork"
Marketing Specialist (On- Field),Pilot Machinery Corporation,Actively hiring,"Bangalore, Karnataka",3 Months," 10,000-17,000 ","Marketing Strategy, Communication, Market Research"
Operations Executive,GEMA Education Technology Private Limited,Actively hiring,Noida,3 Months," 8,000-12,000 ","Operations Management, Coordination, MS Excel"
Content Writing,Goodera,Actively hiring,Bangalore,6 Months,"15,000","Content Writing, Editing, SEO"
Social Media,Meragi,Actively hiring,Bangalore,3 Months,"15,000","Social Media, Content Creation, Analytics"
Inside Sales,Legit Farms,Actively hiring,Bangalore,6 Months,"10,000","Sales, Negotiation, CRM"
Intern-Barista,German BrezelHaus Bakery&Bistro,Actively hiring,Bangalore,3 Months,"10,000","Communication, Teamwork"
Sales And Marketing,Trade Brains,Actively hiring,Bangalore,3 Months,"10,000","Sales, Negotiation, CRM"
Business Development (Sales),Intuitor Softtech Services Private Limited,Actively hiring,Bangalore,6 Months,"15,000","Sales, Negotiation, Business Strategy"
Social Media,Unified Sports,Actively hiring,Delhi                                                            (Hybrid),6 Months," 5,000-8,000 ","Social Media, Content Creation, Analytics"
Business Development (Sales),RoboManthan Private Limited,Actively hiring,Bangalore                                                            (Hybrid),3 Months," 5,000-12,000 ","Sales, Negotiation, Business Strategy"
Content Writing,GrowthSpree,Actively hiring,Noida,6 Months,"10,000","Content Writing, Editing, SEO"
Content Writing,Journey Routers,Actively hiring,Delhi,6 Months,"10,000","Content Writing, Editing, SEO"
Business Development (Sales),Intrainz Eductech,Actively hiring,Bangalore,3 Months,"17,000","Sales, Negotiation, Business Strategy"
Logistics And Operations,Ayati Devices Private Limited,Actively hiring,Bangalore,3 Months," 10,000-20,000 ","Operations Management, Coordination, MS Excel"
Graphic Design,Olivecloud Tech Pvt Ltd,Actively hiring,Mumbai,6 Months,"10,000","Graphic Design, Photoshop, Illustrator"
Female Personal Assistant Intern,Big Bulls,Actively hiring,Bangalore,6 Months,"10,000","Coordination, Communication, MS Office"
Human Resources (HR),Relinns Technologies,Actively hiring,Mohali,6 Months,"8,000","Recruitment, HR Management, Communication"
HR,Kheoni Ventures Private Limited,Actively hiring,Indore,3 Months," 5,000-7,000 ","Recruitment, HR Management, Communication"
Graphic Design,Zinnov Management Consulting,Actively hiring,Bangalore                                                            (Hybrid),6 Months," 20,000-25,000 ","Graphic Design, Photoshop, Illustrator"
Human Resources (HR),Xtrim Global Solutions Private Limited,Actively hiring,Indore,6 Months,"15,000","Recruitment, HR Management, Communication"
Social Media Marketing,Vystrit Designs,Actively hiring,Bangalore,3 Months,"16,000","Marketing Strategy, Communication, Market Research"
Trainee - Graphic Design,BookMyShow,Actively hiring,Mumbai,6 Months,"7,500","Graphic Design, Photoshop, Illustrator"
Social Media,OpenHouse,Actively hiring,Bangalore,2 Months,"15,000","Social Media, Content Creation, Analytics"
Creative Design,GetREAL,Actively hiring,Bangalore                                                            (Hybrid),3 Months,"20,000","Graphic Design, Photoshop, Illustrator"
Interior Design,Visual Mantra,Actively hiring,Mumbai,1 Month," 5,000-7,000 ","Graphic Design, Photoshop, Illustrator"
Video Editing/Making,Journey Routers,Actively hiring,Delhi,6 Months,"15,000","Video Editing, Premiere Pro, After Effects"
Graphic Design,Flying Pigeon Solutions,Actively hiring,Jaipur,3 Months,"10,000","Graphic Design, Photoshop, Illustrator"
Content Writing,Aikyam Fellows,Actively hiring,"Kochi, Ernakulam                                                            (Hybrid)",2 Months,"10,000","Content Writing, Editing, SEO"
Content Writing,Diploy,Actively hiring,Noida                                                            (Hybrid),6 Months,"10,000","Content Writing, Editing, SEO"
Digital Marketing,Variety Innovation Venture Private Limited,Actively hiring,Gurgaon,3 Months," 5,000-10,000 ","SEO, Google Ads, Social Media Marketing"
Graphic Design,Wolffkraft Design Studio,Actively hiring,Bangalore,3 Months,"15,000","Graphic Design, Photoshop, Illustrator"
Business Strategy,Supreme Forex (Supreme Securities Limited),Actively hiring,Delhi                                                            (Hybrid),4 Months,"22,000","Sales, Negotiation, Business Strategy"
Youth Facilitator,Pawzz,Actively hiring,Work from home,3 Weeks," 1,500-10,000 ","Communication, Teamwork"
Graphic Design,Intugine Technologies Private Limited,Actively hiring,Bangalore,4 Months,"15,000","Graphic Design, Photoshop, Illustrator"
Graphic Design,Beeyond Tech,Actively hiring,Mumbai,3 Months," 8,000-15,000 ","Graphic Design, Photoshop, Illustrator"
Social Studies And EVS Subject Author,Paradise Solutions,Actively hiring,"Kharar, Mohali, Chandigarh                                                            (Hybrid)",6 Months," 8,000-10,000 ","Communication, Teamwork"
Graphic Design,Brandshark,Actively hiring,Bangalore,3 Months,"10,000","Graphic Design, Photoshop, Illustrator"
Business Development (Sales),Rentease International LLP,Actively hiring,"Delhi, Bangalore, Navi Mumbai, Mumbai, Gandhinagar",3 Months,"5,000","Sales, Negotiation, Business Strategy"
Graphic Design,ANK Digital Media,Actively hiring,Delhi,6 Months," 5,000-12,000 ","Graphic Design, Photoshop, Illustrator"
Graphic Design,Urban NXT,Actively hiring,Mumbai,3 Months," 3,000  +  Incentives","Graphic Design, Photoshop, Illustrator"
Graphic Design,Enseur,Actively hiring,Delhi,3 Months," 3,000-10,000 ","Graphic Design, Photoshop, Illustrator"
Graphic Design,Ace 360,Actively hiring,Mumbai,6 Months," 3,000-7,500 ","Graphic Design, Photoshop, Illustrator"
Graphic Design,Techyguide OPC Private Limited,Actively hiring,Bangalore,3 Months,"5,000","Graphic Design, Photoshop, Illustrator"
Graphic Design,Walnut Publication,Actively hiring,"Faridabad, Delhi, Ghaziabad, Gurgaon, Greater Noida, Noida",2 Months,"5,000","Graphic Design, Photoshop, Illustrator"
Graphic Design,Pro India,Actively hiring,Gurgaon,4 Months,"5,000","Graphic Design, Photoshop, Illustrator"
Photography,Thebrothing,Actively hiring,Bangalore,3 Months,"10,000","photography,lightroom,photoshop,image editing"
Procurement Marketing,Inorbvict Healthcare India Private Limited,Actively hiring,"Pune, Pimpri-Chinchwad, Hinjawadi",3 Months,"6,000","Marketing Strategy, Communication, Market Research"
Digital Marketing,Valufocus Corporate Services Private Limited,Actively hiring,Bangalore,3 Months," 5,000-7,000 ","SEO, Google Ads, Social Media Marketing"
Human Resources (HR),Sonam  Geda,Actively hiring,Indore,1 Month," 5,000-7,000 ","Recruitment, HR Management, Communication"
Marketing,Dynamic World,Actively hiring,"Indore, Pune, Mumbai",6 Months,"5,000","Marketing Strategy, Communication, Market Research"
Video Editing/Making,Sara Sharma,Actively hiring,Delhi                                                            (Hybrid),6 Months," 8,000-12,000 ","Video Editing, Premiere Pro, After Effects"
Psychology,Career-Domain,Actively hiring,Nagpur,3 Months," 5,000-10,000 ","Communication, Teamwork"
Graphic Designer,RankItRight Media,Actively hiring,Bangalore,6 Months,"25,000","Graphic Design, Photoshop, Illustrator"
Startup Community Manager,Tutedude,Actively hiring,Work from home,3 Months,"2,000","Community Building, Communication, Public Relations"
Operations And Strategy,EkStep,Actively hiring,Bangalore,6 Months," 14,000-20,000 ","Operations Management, Coordination, MS Excel"
Graphic Design,Intelligentia Labs Private Limited,Actively hiring,Greater Noida                                                            (Hybrid),2 Months," 5,000-15,000 ","Graphic Design, Photoshop, Illustrator"
Human Resources (HR),Heterize Infotech Private Limited,Actively hiring,Indore,3 Months," 3,000-5,000 ","Recruitment, HR Management, Communication"
Digital Marketing,WEMATTER PXT Limited,Actively hiring,Mumbai,3 Months,"15,000","SEO, Google Ads, Social Media Marketing"
Content Writing,Justwords Consultants,Actively hiring,Gurgaon,6 Months," 12,000-15,000 ","Content Writing, Editing, SEO"
Assistant Director,Nazar Battu Productions Private Limited,Actively hiring,"Delhi, Noida",6 Months," 5,000-7,000 ","Coordination, Communication, MS Office"
Youtube Content Manager,Build Fast With AI,Actively hiring,Bangalore                                                            (Hybrid),1 Month," 7,500  +  Incentives","Content Writing, Editing, SEO"
Community Management,PassionMojo,Actively hiring,Work from home,6 Months,Unpaid,"Community Building, Communication, Public Relations"
Talent Acquisition,IIDE Education Private Limited,Actively hiring,Mumbai,6 Months,"7,500","Communication, Teamwork"
Social Media Marketing,Enseur,Actively hiring,Delhi,3 Months," 3,000-8,000 ","Marketing Strategy, Communication, Market Research"
Video Editing/Making,Aero Armour,Actively hiring,Kolkata,4 Months," 5,000-10,000 ","Video Editing, Premiere Pro, After Effects"
Video Editing/Making,Internshala,Actively hiring,Gurgaon,6 Months,"18,000","Video Editing, Premiere Pro, After Effects"
Business Development (Real Estate),BREAM Solutions Pvt. Ltd.,Actively hiring,Bangalore,2 Months," 10,000  +  Incentives","Sales, Negotiation, Business Strategy"
Digital Marketing,SANVER INDIA PRIVATE LIMITED,Actively hiring,Mumbai,3 Months," 25,000-30,000 ","SEO, Google Ads, Social Media Marketing"
Graphic Design,IoTExpress Private Limited,Actively hiring,Bangalore                                                            (Hybrid),6 Months,"15,000","Graphic Design, Photoshop, Illustrator"
Social Media Manager,International Council For Circular Economy,Actively hiring,Delhi                                                            (Hybrid),6 Months,Unpaid,"Social Media, Content Creation, Analytics"
Interior Design,Imperio Railing Systems,Actively hiring,Mumbai,3 Months,"5,000","Graphic Design, Photoshop, Illustrator"
Operations,Probo,Actively hiring,"Delhi, Gurgaon",6 Months,"15,000","Operations Management, Coordination, MS Excel"
Content Development (Mathematics),Yellow Chapter - Entrepreneurial Journey,Actively hiring,Gurgaon                                                            (Hybrid),3 Months,"60,000","Content Writing, Editing, SEO"
Telecalling,Bonn Tonn,Actively hiring,Kolkata,3 Months,"7,000","Communication, Sales, Customer Handling"
Marketing,Bonn Tonn,Actively hiring,Kolkata,3 Months," 7,000  +  Incentives","Marketing Strategy, Communication, Market Research"
Graphic Design,Sipani Properties (P) Limited,Actively hiring,Bangalore,2 Months," 10,000-25,000 ","Graphic Design, Photoshop, Illustrator"
Operations,Muskurahat Foundation,Actively hiring,Mumbai,3 Months,"10,000","Operations Management, Coordination, MS Excel"
Talent Acquisition,Catalyst Crew,Actively hiring,Mumbai,6 Months," 3,000  +  Incentives","Communication, Teamwork"
Talent Acquisition,Expertrons,Actively hiring,Mumbai                                                            (Hybrid),3 Months," 7,000-10,000 ","Communication, Teamwork"
Graphic Design,Relinns Technologies,Actively hiring,"Chandigarh, Delhi, Ludhiana, Mohali, Haryana, Punjab, Uttar Pradesh, Himachal Pradesh",6 Months,"8,000","Graphic Design, Photoshop, Illustrator"
Tally Accountant,Shashwat Singhal,Actively hiring,Prayagraj,6 Months," 10,000-12,000 ","Communication, Teamwork"
Client Servicing,Internshala,Actively hiring,Gurgaon,6 Months,"18,000","Communication, Teamwork"
Store Management Intern,Arcatron Mobility Private Limited,Actively hiring,Pune,6 Months,"20,000","Communication, Teamwork"
Hotel Management (Food & Beverage Production),Muan Food Tech Private Limited,Actively hiring,Chennai,6 Months,"12,000","Communication, Teamwork"
Sound Engineer - Composer,The Bangalore Studio The Nation's Pride,Actively hiring,Bangalore,3 Months,"10,000","Communication, Teamwork"
B2B SaaS Sales,Agaram Technologies Pvt Ltd,Actively hiring,Chennai,4 Months,"10,000","Sales, Negotiation, CRM"
Telecalling,Digital Factorys,Actively hiring,Pimpri-Chinchwad,6 Months,"7,000","Communication, Sales, Customer Handling"
Digital Marketing,Bonn Tonn,Actively hiring,Kolkata,3 Months,"10,000","SEO, Google Ads, Social Media Marketing"
Sales And Marketing Associate,Pawzz,Actively hiring,Gurgaon                                                            (Hybrid),4 Months," 15,000-20,000 ","Sales, Negotiation, CRM"
Equity Analyst,SDSR Consultancy Services Private Limited,Actively hiring,Kolkata,1 Month," 10,000-15,000 ","Communication, Teamwork"
Human Resources (HR),Cynergi,Actively hiring,Mumbai,6 Months,"3,000","Recruitment, HR Management, Communication"
Graphic Design,Bonn Tonn,Actively hiring,Kolkata,3 Months,"10,000","Graphic Design, Photoshop, Illustrator"
Database Building/Management,Avaesa,Actively hiring,Chennai,2 Months,"10,000","Python, SQL, Data Analysis"
Retention Executive,Arcatron Mobility Private Limited,Actively hiring,Pune,3 Months,"20,000","Communication, Teamwork"
Market Research,ReportsInsights Consulting Pvt Ltd,Actively hiring,Pune,6 Months,"10,000","Research, Analysis, Report Writing"
Content Writing,Enseur,Actively hiring,Delhi,3 Months," 5,000-7,500 ","Content Writing, Editing, SEO"
Content Writing,Qriocity Ventures Private Limited,Actively hiring,"Chennai, Kattankulathur, Maraimalai Nagar, Chengalpattu, Tambaram Sanatorium",3 Months," 15,000-25,000 ","Content Writing, Editing, SEO"
Social Media Marketing,PK Online Ventures Private Limited,Actively hiring,Gurgaon,6 Months," 5,000-8,000 ","Marketing Strategy, Communication, Market Research"
Photography,Aikyam Fellows,Actively hiring,Kochi,2 Months,"10,000","photography,lightroom,photoshop,image editing"
NEET Physics Online Tutor (Malayalam Speaking),Narigiri's Connect To Universe Private Limited,Actively hiring,Work from home,6 Months," 1,000-10,000 ","Communication, Teamwork"
Content Writing,VirtuBox Infotech Private Limited,Actively hiring,Noida,6 Months,"10,000","Content Writing, Editing, SEO"
Interior Design,"Bastion, House Of Design",Actively hiring,Gurgaon,6 Months," 5,000-7,000 ","Graphic Design, Photoshop, Illustrator"
Field Sales,Sports For All,Actively hiring,Hyderabad,3 Months," 15,000-20,000 ","Sales, Negotiation, CRM"
Video Editing/Making,SR Edu Technologies,Actively hiring,Hyderabad,1 Month," 5,000-8,000 ","Video Editing, Premiere Pro, After Effects"
Event Executive Specialist,Snapbot,Actively hiring,Hyderabad,2 Months," 10,000-15,000 ","Communication, Teamwork"
Management trainee,The Affordable Organic Store,Actively hiring,"Hyderabad, Kompally",6 Months,"12,000","Communication, Teamwork"
Subject Matter Expert (SME),Dimentics Info Tech Private Limited,Actively hiring,Noida,3 Months," 12,000-15,000 ","Communication, Teamwork"
Inside Sales,KRIYO,Actively hiring,Hyderabad,2 Months," 10,000  +  Incentives","Sales, Negotiation, CRM"
Client Relationship Manager,G&T-Star Production And Entertainment Private Limited,Actively hiring,Noida,3 Months," 7,000-12,000 ","Communication, Teamwork"
Graphics Designer,Budding Mariners,Actively hiring,Work from home,4 Months,"1,500","Graphic Design, Photoshop, Illustrator"
Social Media Marketing,Akrati Jewels Incorporation,Actively hiring,Jaipur,5 Months," 10,000-15,000 ","Marketing Strategy, Communication, Market Research"
Trainee - Talent Acquisition,BookMyShow,Actively hiring,Mumbai,6 Months,"7,500","Communication, Teamwork"
Operations,Grivaa Consultancy Services,Actively hiring,Delhi                                                            (Hybrid),2 Months," 5,000-10,000 ","Operations Management, Coordination, MS Excel"
Social Media Content Creator For Restaurants,Hotkhana.com,Actively hiring,Bangalore                                                            (Hybrid),3 Months,"15,000","Social Media, Content Creation, Analytics"
Social Media Marketing,Certera Solutions LLP,Actively hiring,"Delhi, Ghaziabad, Gurgaon, Noida",6 Months,"10,000","Marketing Strategy, Communication, Market Research"
Psychology,Starlit Ability Enhancement Services Private Limited,Actively hiring,"Pune, Thane, Navi Mumbai, Mumbai",6 Months," 6,000-10,000 ","Communication, Teamwork"
Video Editing/Making,ONE XL INFO LLP,Actively hiring,Pune,3 Months,"5,000","Video Editing, Premiere Pro, After Effects"
Founder’s Office,Soul Jams,Actively hiring,Bangalore                                                            (Hybrid),3 Months,"10,000","Communication, Teamwork"
Subject Matter Expert (Physical Chemistry),Kunduz Technologies,Actively hiring,Work from home,3 Months," 5,000-6,000 ","Communication, Teamwork"
Interior Design,Sipani Properties (P) Limited,Actively hiring,Bangalore                                                            (Hybrid),2 Months," 10,000-15,000 ","Graphic Design, Photoshop, Illustrator"
Finance - Valuation,Marcken Consulting LLP,Actively hiring,Ahmedabad,6 Months,"8,000","Excel, Financial Analysis, Accounting"
Equity Analyst,Grivaa Consultancy Services,Actively hiring,Delhi                                                            (Hybrid),2 Months," 5,000-10,000 ","Communication, Teamwork"
CA Articleship,V V J & Associates,Actively hiring,Mumbai,6 Months,"8,000","Communication, Teamwork"
Product Design,"Stealth Mode (Seattle, United States)",Actively hiring,Work from home,2 Months,"1,000","Graphic Design, Photoshop, Illustrator"
Business Development (Sales),Kshitiksha Foundation,Actively hiring,Greater Noida,2 Months," 5,000  +  Incentives","Sales, Negotiation, Business Strategy"
Graphic Design,CraveDigi Advisors OPC Pvt. Ltd.,Actively hiring,Bangalore,3 Months,"5,000","Graphic Design, Photoshop, Illustrator"
Content Writing,Collectcent Digital Media Private Limited,Actively hiring,Gurgaon,3 Months,"10,000","Content Writing, Editing, SEO"
Field Marketing,SmartCookie,Actively hiring,Pune,6 Months,"2,000","Marketing Strategy, Communication, Market Research"
Business Development (Sales),Madrocket Technologies & Media,Actively hiring,"Bhilai, Bilaspur, Durg, Hyderabad, Raipur, Nagpur",4 Months,"10,000","Sales, Negotiation, Business Strategy"
Finance & Accounting,Guruji Astro,Actively hiring,Jaipur,6 Months," 8,000-10,000 ","Accounting, Tally, Excel"
Crypto Trading Expert,Flying Pigeon Solutions,Actively hiring,Jaipur,3 Months," 12,000-20,000 ","Communication, Teamwork"
Graphic Design,Adstacks Media,Actively hiring,Gurgaon,3 Months,"12,000","Graphic Design, Photoshop, Illustrator"
Business Development (Sales),Snapbot,Actively hiring,"Bangalore, Hyderabad, Jaipur",3 Months,"10,000","Sales, Negotiation, Business Strategy"
Community Management,KultureKatta,Actively hiring,Pune,3 Months,"3,000","Community Building, Communication, Public Relations"
3D Artist Intern,BOP Consultancy And Services,Actively hiring,Pune,4 Months," 5,000-8,000 ","Communication, Teamwork"
Social Media Marketing,Fabulous Media Private Limited,Actively hiring,Gurgaon,6 Months," 5,000-15,000 ","Marketing Strategy, Communication, Market Research"
Graphic Design,PlanCover,Actively hiring,Gurgaon,6 Months,"10,000","Graphic Design, Photoshop, Illustrator"
Content Writing,ONE XL INFO LLP,Actively hiring,Pune,3 Months,"5,000","Content Writing, Editing, SEO"
Content Writing,Fabulous Media Private Limited,Actively hiring,Gurgaon,6 Months," 5,000-15,000 ","Content Writing, Editing, SEO"
Business Development (Sales),UrbanNaps,Actively hiring,Work from home,3 Months," 5,000-7,000 ","Sales, Negotiation, Business Strategy"
Operations,My Digital Shelf,Actively hiring,"Indore, Mumbai",6 Months,"15,000","Operations Management, Coordination, MS Excel"
Share Market Expert,Flying Pigeon Solutions,Actively hiring,Jaipur,3 Months," 12,000-20,000 ","Communication, Teamwork"
Content Creator,CraveDigi Advisors OPC Pvt. Ltd.,Actively hiring,Bangalore,3 Months,"5,000","Content Writing, Editing, SEO"
Social Media Marketing,Reflex Realty LLP,Actively hiring,Mumbai,3 Months,"6,000","Marketing Strategy, Communication, Market Research"
Luxury Sales Consultant,Nivara Diamonds Private Limited,Actively hiring,Hyderabad,3 Months,"20,000","Sales, Negotiation, CRM"
Content Creator,Rupicard,Actively hiring,Bangalore                                                            (Hybrid),3 Months,"5,000","Content Writing, Editing, SEO"
Content Writing,Arcatron Mobility Private Limited,Actively hiring,Pune,6 Months,"17,000","Content Writing, Editing, SEO"
Short Film Making Intern,SmartCookie,Actively hiring,Pune,6 Months,"2,000","Film Production, Direction, Editing"
Mechanical Engineering,Planys Technologies Private Limited,Actively hiring,Chennai,6 Months,"12,500","Communication, Teamwork"
Teaching,K12 Techno Service Private Limited (Orchids International School),Actively hiring,Hyderabad,6 Months," 12,000-18,000 ","Teaching, Curriculum Design, Communication"
Video Editing/Making,Bright Rise,Actively hiring,"Delhi, Gurgaon",3 Months," 10,000-14,000 ","Video Editing, Premiere Pro, After Effects"
Data Entry,Medius Technologies Private Limited,Actively hiring,Mumbai,6 Months,"6,500","Excel,python,SQL"
Mercy Mission Fellowship Program,Mercy Mission,Actively hiring,Bangalore,9 months,"15,000","Communication, Teamwork"
Graphic Design,Fighterhero,Actively hiring,Bangalore                                                            (Hybrid),6 Months,"15,000","Graphic Design, Photoshop, Illustrator"
Operations,Avaesa,Actively hiring,Chennai,3 Months," 5,000-10,000 ","Operations Management, Coordination, MS Excel"
Project Management,Avaesa,Actively hiring,Chennai                                                            (Hybrid),6 Months," 10,000-12,000 ","Project Management, MS Project, Leadership"
Finance & Accounting,Digital Factorys,Actively hiring,Pimpri-Chinchwad,6 Months,"5,000","Accounting, Tally, Excel"
Auditing & Accounting,Shashwat Singhal,Actively hiring,Prayagraj,6 Months," 5,000-10,000 ","Accounting, Tally, Excel"
Content Development (Finance Field),Shashwat Singhal,Actively hiring,"Allahabad, Prayagraj, Prayagraj Sub-District",2 Months,"6,000","Excel, Financial Analysis, Accounting"
CA Articleship,Digital Factorys,Actively hiring,Pimpri-Chinchwad,36 Months,"5,000","Communication, Teamwork"
Technical Support,Avaesa,Actively hiring,Chennai,2 Months," 5,000-7,000 ","Communication, Teamwork"
Video Editing/Making,Mending Mind,Actively hiring,Mumbai                                                            (Hybrid),4 Months," 5,000-10,000 ","Video Editing, Premiere Pro, After Effects"
Human Resources (HR),Break The Code,Actively hiring,Mumbai,3 Months,"7,000","Recruitment, HR Management, Communication"
Community Manager,SmartCookie,Actively hiring,Pune,6 Months,"2,000","Community Building, Communication, Public Relations"
Business Development (Sales),Kumar  Saurav,Actively hiring,"Gurgaon, Noida",4 Months," 4,000-5,000 ","Sales, Negotiation, Business Strategy"
Show Director,SmartCookie,Actively hiring,Pune,6 Months,"2,000","Communication, Teamwork"
Graphic Design,React Labs Private Limited,Actively hiring,Bangalore,3 Months," 16,000-18,000 ","Graphic Design, Photoshop, Illustrator"
Capital Project Finance And Planning,Butterfly's Energy Solutions Private Limited,Actively hiring,Pune,1 Month,"10,000","Excel, Financial Analysis, Accounting"
Stock Market Technical Analyst,Money Making Trading Courses,Actively hiring,"Thane, Navi Mumbai, Mumbai, Vashi, Belapur, Turbhe, Panvel",3 Months," 8,000-10,000 ","Communication, Teamwork"
Fundraising/Crowdfunding,NayePankh Foundation,Actively hiring,Work from home,1 Month,20% of Total Funds Raised,"Communication, Teamwork"
Mutual Fund Operations,Money Making Trading Courses,Actively hiring,"Thane, Navi Mumbai, Dombivli, Kalyan, Mumbai, Vashi, Turbhe, Panvel",3 Months," 8,000-10,000 ","Operations Management, Coordination, MS Excel"
Volunteering,Basti Ki Pathshala Foundation,Actively hiring,Work from home,4 Weeks,20% of Total Funds Raised,"Communication, Teamwork"
Virtual Volunteering,Basti Ki Pathshala Foundation,Actively hiring,Work from home,1 Month,20% of Total Funds Raised,"Communication, Teamwork"
1 Week Fundraising,Basti Ki Pathshala Foundation,Actively hiring,Work from home,1 Week,20% of Total Funds Raised,"Communication, Teamwork"
Executive Assistant To The CEO,Techdome Solutions Private Limited,Actively hiring,Hyderabad,6 Months," 5,000-8,000 ","Coordination, Communication, MS Office"
1 Week Fundraising,NayePankh Foundation,Actively hiring,Work from home,1 Week,20% of Total Funds Raised,"Communication, Teamwork"
1 Week Virtual Charity Drive (Fundraising),NayePankh Foundation,Actively hiring,Work from home,1 Week,20% of Total Funds Raised,"Fundraising, Communication, Event Management"
Social Work,ADM EDUCATION & WELFARE SOCIETY,Actively hiring,Work from home,3 Months,Unpaid,"Communication, Teamwork"
Sales Head,Budding Mariners,Actively hiring,Work from home,6 Months,"3,500","Sales, Negotiation, CRM"
Field Sales,Z Revolution Tech Private Limited,Actively hiring,"Ambala, Amritsar, Chandigarh, Karnal, Pune, Jaipur, Ludhiana",6 Months,"12,000","Sales, Negotiation, CRM"
Accounting & Taxation,Marcken Consulting LLP,Actively hiring,Ahmedabad,6 Months,"8,000","Accounting, Tally, Excel"
Content Writing,Rizzle,Actively hiring,Hyderabad,3 Months,"15,000","Content Writing, Editing, SEO"
Marketing,Firstricoz Private Limited,Actively hiring,Work from home,4 Months," 1,000  +  Incentives","Marketing Strategy, Communication, Market Research"
Teaching,Coding Ninjas,Actively hiring,Gurgaon                                                            (Hybrid),3 Months," 15,000-20,000 ","Teaching, Curriculum Design, Communication"
Hotel Management (Operations),Punjabi Burgers,Actively hiring,Hyderabad,3 Months," 15,000-21,000 ","Operations Management, Coordination, MS Excel"
Fashion Stylist,Star Prime Videos,Actively hiring,"Chennai, Hyderabad, Noida",2 Months," 5,000-8,000 ","Communication, Teamwork"
Administration,Avaesa,Actively hiring,Chennai,2 Months," 4,000-6,000 ","Administration, Coordination, MS Office"
English Speaker,Codecraft IT Solutions,Actively hiring,Work from home,6 Months,"1,000","Communication, Teamwork"
Mechanical Engineering,Trashcon Labs Private Limited,Actively hiring,Bangalore,3 Months,"15,000","Communication, Teamwork"
Flutter Development,APPSARA,Actively hiring,Work from home,6 Months," 2,000  +  Incentives","Communication, Teamwork"
Influencer Marketing,NAVERA,Actively hiring,Bangalore,3 Months,"15,000","Marketing Strategy, Communication, Market Research"
Pentab Video Creator,Polestar Educations,Actively hiring,Work from home,3 Months," 9,000  +  Incentives","Video Editing, Premiere Pro, After Effects"
Transcription- Assamese,MaVY EduSolution,Actively hiring,Work from home,2 Months," 1,000  +  Incentives","Typing, Listening, Attention to Detail"
Founders Office,Amit Pasricha,Actively hiring,Delhi,6 Months,"12,000","Communication, Teamwork"
Supply Chain Management (SCM),Firstricoz Private Limited,Actively hiring,Work from home,4 Months," 1,000  +  Incentives","Communication, Teamwork"
Telecall Data Entry,Stirring Minds,Actively hiring,Delhi,2 Months," 5,000  +  Incentives","Excel,typing"
Corporate Sales,Synq.Work,Actively hiring,Gurgaon,6 Months," 10,000-15,000 ","Sales, Negotiation, CRM"
Transcription- Bodo,MaVY EduSolution,Actively hiring,Work from home,2 Months," 1,000  +  Incentives","Typing, Listening, Attention to Detail"
Data Entry Operator,WhizJuniors,Actively hiring,Mumbai,6 Months,"6,000","Excel,python,SQL"
Business Development (Sales),Medius Technologies Private Limited,Actively hiring,Work from home,6 Months,"8,000","Sales, Negotiation, Business Strategy"
Influencer Marketing,ADM EDUCATION & WELFARE SOCIETY,Actively hiring,Work from home,3 Months,Unpaid,"Marketing Strategy, Communication, Market Research"
Social Media Marketing,Ostello India Private Limited,Actively hiring,Work from home,4 Months," 3,000-5,000 ","Marketing Strategy, Communication, Market Research"
Research (Economics),International Institute Of SDGs & Public Policy Research,Actively hiring,Work from home,3 Months,Unpaid,"Research, Analysis, Report Writing"
Business Development (Sales),The Agency Source,Actively hiring,Delhi,6 Months,"5,000","Sales, Negotiation, Business Strategy"
Economic And Political Survey,International Institute Of SDGs & Public Policy Research,Actively hiring,Work from home,2 Months,Unpaid,"Communication, Teamwork"
Research In Political Economy,International Institute Of SDGs & Public Policy Research,Actively hiring,Work from home,3 Months,Unpaid,"Research, Analysis, Report Writing"
Embedded Systems,Uniqgrid,Actively hiring,Gurgaon,6 Months," 5,000-10,000 ","Embedded Systems, C, Microcontrollers"
Sales,ADM EDUCATION & WELFARE SOCIETY,Actively hiring,Work from home,3 Months,Unpaid,"Sales, Negotiation, CRM"
Data Entry,Heterize Infotech Private Limited,Actively hiring,Indore,3 Months," 2,500-4,000 ","Excel,python,SQL"
Business Development (Sales),Antino Labs Private Limited,Actively hiring,Gurgaon,6 Months,"15,000","Sales, Negotiation, Business Strategy"
Hollywood Film Development And Operations,Continuum Media,Actively hiring,Mumbai,6 Months,"5,000","Film Production, Direction, Editing"
Campus Ambassador,Supreme Forex (Supreme Securities Limited),Actively hiring,Work from home,2 Months,Performance Based,"Marketing, Networking, Event Promotion"
Campus Ambassador,Pawzz,Actively hiring,"Ahmedabad, Bhubaneswar, Chandigarh, Chennai, Delhi, Gurgaon, Kolkata, Manipal, Pune, Bangalore, Hyderabad, Mumbai, Kochi, Jaipur, Noida",1 Month,Performance Based,"Marketing, Networking, Event Promotion"
Business Strategy,Zenia Hospitality,Actively hiring,Mumbai,4 Months,"10,000","Sales, Negotiation, Business Strategy"
Customer Acquisition,DevTown,Actively hiring,Work from home,1 Month,"3,000","Communication, Teamwork"
Transcription- Manipuri,MaVY EduSolution,Actively hiring,Work from home,2 Months," 1,000  +  Incentives","Typing, Listening, Attention to Detail"
Process Coordinator,Ramyoz,Actively hiring,Palwal,3 Months,"15,000","Communication, Teamwork"
Telecalling,Aaptatt,Actively hiring,Gurgaon,2 Months,"5,000","Communication, Sales, Customer Handling"
Marketing,InventModel Technology Solution,Actively hiring,Greater Noida,4 Months,"5,000","Marketing Strategy, Communication, Market Research"
Corporate Sales,AIR HR Solutions,Actively hiring,Delhi,6 Months,"15,000","Sales, Negotiation, CRM"
Inside Sales,Prime Infoserv LLP,Actively hiring,Work from home,3 Months,"5,000","Sales, Negotiation, CRM"
Business Development (Sales),FSM Buddy - Furtados School Of Music,Actively hiring,Mumbai,6 Months,"10,000","Sales, Negotiation, Business Strategy"
Client Servicing,Analystt.ai,Actively hiring,Work from home,3 Months,"5,000","Communication, Teamwork"
Project Management,ADM EDUCATION & WELFARE SOCIETY,Actively hiring,Work from home,1 Month,Unpaid,"Project Management, MS Project, Leadership"
Business Development (Sales),The Prism Paradox,Actively hiring,Mumbai                                                            (Hybrid),4 Months," 2,000  +  Incentives","Sales, Negotiation, Business Strategy"
Digital Marketing,Career-Domain,Actively hiring,Nagpur,3 Months," 5,000-10,000 ","SEO, Google Ads, Social Media Marketing"
Hospitality,Zenia Hospitality,Actively hiring,Mumbai,4 Months,"10,000","Communication, Teamwork"
Research,First Contact,Actively hiring,Work from home,3 Months,Unpaid,"Research, Analysis, Report Writing"
Video Editing/Making,Enpointe,Actively hiring,Mumbai,6 Months,"8,000","Video Editing, Premiere Pro, After Effects"
B2B Marketing Executive,WhizJuniors,Actively hiring,Mumbai,6 Months,"18,000","Marketing Strategy, Communication, Market Research"
Inside Sales,NirogStreet,Actively hiring,Delhi,4 Months," 10,000-15,000 ","Sales, Negotiation, CRM"
Inside Sales,ISchoolConnect Technologies India,Actively hiring,Mumbai,6 Months,"20,000","Sales, Negotiation, CRM"
Search Engine Optimization (SEO),Superflow,Actively hiring,Work from home,4 Months,"5,000","SEO, Google Analytics, Keyword Research"
Business Consultant,Maxleben Advisory,Actively hiring,Mohali,6 Months,"8,000","Sales, Negotiation, Business Strategy"
Business Development (Sales),Socio Marker,Actively hiring,"Ludhiana, Mumbai",6 Months," 10,000  +  Incentives","Sales, Negotiation, Business Strategy"
Business Development,Stirring Minds,Actively hiring,Delhi,6 Months,"12,000","Sales, Negotiation, Business Strategy"
Business Development,Enpointe,Actively hiring,Mumbai,6 Months,"8,000","Sales, Negotiation, Business Strategy"
Digital Marketing,ADM EDUCATION & WELFARE SOCIETY,Actively hiring,Work from home,3 Months,Unpaid,"SEO, Google Ads, Social Media Marketing"
Sales Management Executive,The Prism Paradox,Actively hiring,Mumbai                                                            (Hybrid),6 Months," 10,000  +  Incentives","Sales, Negotiation, CRM"
Screenplay Writer,Bollygrad Studioz,Actively hiring,Mumbai,6 Months," 7,000-10,000 ","Writing, SEO, Research"
Digital Marketing,QuadB Tech,Actively hiring,Ludhiana,6 Months," 20,000-25,000 ","SEO, Google Ads, Social Media Marketing"
Malayalam - Language Expert,Guidofie,Actively hiring,Work from home,2 Months," 5,000  +  Incentives","Communication, Teamwork"
Client Servicing,Enseur,Actively hiring,Delhi,3 Months," 3,000-8,000 /week","Communication, Teamwork"
Fundraising,InAmigos Foundation,Actively hiring,Work from home,3 Weeks,20% of Revenue Generated,"Communication, Teamwork"
Client Relationship Executive,G&T-Star Production And Entertainment Private Limited,Actively hiring,Noida,3 Months," 6,000-8,000 ","Communication, Teamwork"
Research In Psychology,International Institute Of SDGs & Public Policy Research,Actively hiring,Work from home,3 Months,Unpaid,"Research, Analysis, Report Writing"
Video Editing/Making,The Future University,Actively hiring,Chandigarh,6 Months,"15,000","Video Editing, Premiere Pro, After Effects"
Marketing,Karmix,Actively hiring,Noida,6 Months,"5,000","Marketing Strategy, Communication, Market Research"
Dietetics/Nutrition,Yazas Processed Foods Private Limited,Actively hiring,Hyderabad                                                            (Hybrid),3 Months," 7,500-12,000 ","Communication, Teamwork"
Founders Office,Trashcon Labs Private Limited,Actively hiring,Bangalore,3 Months,"15,000","Communication, Teamwork"
Client Communications Executive,Punt Partners,Actively hiring,Mumbai,3 Months,"15,000","Communication, Teamwork"
Photography,G&T-Star Production And Entertainment Private Limited,Actively hiring,Noida,3 Months," 5,000-10,000 ","photography,lightroom,photoshop,image editing"
Telecalling,LTA School Of Beauty Private Limited,Actively hiring,Mumbai                                                            (Hybrid),3 Months," 8,000-12,000 ","Communication, Sales, Customer Handling"
Accounts,Dharmshri Electricals Private Limited,Actively hiring,Chennai,6 Months,"7,000","Communication, Teamwork"
Photo & Video Editing,Material Depot,Actively hiring,Bangalore,3 Months,"10,000","Video Editing, Premiere Pro, After Effects"
Video Editing/Making,SuperTails,Actively hiring,Bangalore,6 Months," 10,000-15,000 ","Video Editing, Premiere Pro, After Effects"
Hotel Management (Operations),Punjabi Burgers,Actively hiring,Bangalore,3 Months," 15,000-21,000 ","Operations Management, Coordination, MS Excel"
Business Development (Sales),Skills Beyond Education,Actively hiring,Bangalore,4 Months," 15,000  +  Incentives","Sales, Negotiation, Business Strategy"
Audio Recorders (Speakers),Polestar Educations,Actively hiring,Work from home,1 Week," 500-1,000 lump sum","Communication, Teamwork"
Customer Service/Customer Support,Sedani Digital Private Limited,Actively hiring,Ahmedabad,6 Months,"10,000","Communication, Teamwork"
Business Development (Sales),Educase India,Actively hiring,Mumbai,6 Months," 10,000  +  Incentives","Sales, Negotiation, Business Strategy"
Business Development (Sales),Zenia Hospitality,Actively hiring,Mumbai,4 Months," 10,000-15,000 ","Sales, Negotiation, Business Strategy"
Business Development (Sales),Stirring Minds,Actively hiring,Work from home,3 Months," 1,000  +  Incentives","Sales, Negotiation, Business Strategy"
Business Development (Sales),The Handiman Craft,Actively hiring,Work from home,3 Months," 1,000  +  Incentives","Sales, Negotiation, Business Strategy"
Business Development (Sales),Oblytech,Actively hiring,Work from home,6 Months,"5,000","Sales, Negotiation, Business Strategy"
Customer Service/Customer Support,ChangeJar Technologies Private Limited,Actively hiring,Bangalore,3 Months,"15,000","Communication, Teamwork"
Community Management,Guruji Astro,Actively hiring,Jaipur,6 Months," 8,000-10,000 ","Community Building, Communication, Public Relations"
Business Development (Sales),HomCrafts,Actively hiring,Bangalore,6 Months,"20,000","Sales, Negotiation, Business Strategy"
Business Development (Sales),GCV Life,Actively hiring,Mumbai,6 Months,"10,000","Sales, Negotiation, Business Strategy"
Corporate Sales,Zedex Info Private Limited,Actively hiring,Mumbai,3 Months,"12,000","Sales, Negotiation, CRM"
Business Development (Sales),Qriocity Ventures Private Limited,Actively hiring,"Kattankulathur, Maraimalai Nagar, Chengalpattu",3 Months," 15,000-20,000 ","Sales, Negotiation, Business Strategy"
Business Development (Sales),Dolphin Ad World Private Limited,Actively hiring,Mumbai,3 Months,"10,000","Sales, Negotiation, Business Strategy"
Business Development (Sales),Catalyst Crew,Actively hiring,Mumbai,6 Months,"10,000","Sales, Negotiation, Business Strategy"
Marketing,Innovitoy Private Limited,Actively hiring,Ahmedabad,3 Months,"8,000","Marketing Strategy, Communication, Market Research"
Business Development (Sales),Stayin Bangalore,Actively hiring,Bangalore,3 Months," 10,000  +  Incentives","Sales, Negotiation, Business Strategy"
Business Development (Sales),Digifronix,Actively hiring,Bangalore,3 Months," 10,000-12,000 ","Sales, Negotiation, Business Strategy"
Community Management,Indica,Actively hiring,"Delhi, Gurgaon",3 Months,"10,000","Community Building, Communication, Public Relations"
Business Development (Sales),Creware Technologies Private Limited,Actively hiring,Jaipur,6 Months,"7,500","Sales, Negotiation, Business Strategy"
Marketing,AI4SEE PRIVATE LIMITED,Actively hiring,Bangalore,3 Months," 10,000  +  Incentives","Marketing Strategy, Communication, Market Research"
Marketing,AIR HR Solutions,Actively hiring,Mumbai,4 Months,"10,000","Marketing Strategy, Communication, Market Research"
Inside Sales,Lucenta Solutions,Actively hiring,Jaipur,3 Months," 10,000  +  Incentives","Sales, Negotiation, CRM"
Operations,ERIC Robotics PSIPL,Actively hiring,Pune,6 Months,"8,000","Operations Management, Coordination, MS Excel"
Business Development (Sales),Make In Brand (PWI),Actively hiring,"Thane, Navi Mumbai, Mumbai, Vashi",6 Months," 3,000  +  Incentives","Sales, Negotiation, Business Strategy"
General Management,Hamari Pahchan NGO,Actively hiring,"Delhi, South",3 Months," 2,000-5,000 ","Communication, Teamwork"
Business Development (Sales),Clear Space Realty,Actively hiring,Pune,3 Months," 15,000  +  Incentives","Sales, Negotiation, Business Strategy"
Business Development (Sales),Trigr,Actively hiring,Work from home,6 Months,"7,000","Sales, Negotiation, Business Strategy"
Marketing,Business Leadership League,Actively hiring,"Navi Mumbai, Vashi",3 Months," 8,000-10,000 ","Marketing Strategy, Communication, Market Research"
Generative AI,Aistral,Not hiring,Work from home,6 Months,"12,000","Communication, Teamwork"
Logo Design,Divya Goel,Not hiring,Work from home,1 Week," 2,500 /week","Graphic Design, Photoshop, Illustrator"
Reactjs Development,Tinos Software & Security Solutions LLP,Not hiring,"Kochi, Ernakulam",3 Months,"8,000","React,javaScript,Express"
Full Stack Development,Kinmanyaa Life Private Limited (Manyaa),Not hiring,Work from home,3 Months,"1,000","React,Node,Express,Next,SQL"
Node.js Development,Relinns Technologies,Actively hiring,Mohali,6 Months,"10,000","node,express,mongoDB"
Social Media Marketing,WeJoy Phonfix Private Limited,Not hiring,Patna,2 Months,"5,000","Marketing Strategy, Communication, Market Research"
Artificial Intelligence (AI),Beadcore Infotech Private Limited,Not hiring,Work from home,2 Months," 10,000-15,000 ","Communication, Teamwork"
WordPress Development,Miracuves Solutions Private Limited,Not hiring,Work from home,6 Months,"5,000","Communication, Teamwork"
Junior Video Editor,Ankita Malik Arora,Not hiring,"Delhi, North West",3 Months," 6,000-10,000 ","Video Editing, Premiere Pro, After Effects"
Human Resources (HR),Kvell Consulting,Not hiring,Gurgaon,6 Months,"15,000","Recruitment, HR Management, Communication"
Brand Management,CraveDigi Advisors OPC Pvt. Ltd.,Actively hiring,"Chennai, Bangalore                                                            (Hybrid)",1 Month," 5,000  +  Incentives","Marketing Strategy, Branding, Communication"
Business Strategy,ESQUBE,Not hiring,Delhi,3 Months," 2,000-10,000 ","Sales, Negotiation, Business Strategy"
Shopify Management,Amaan Mukati,Not hiring,Work from home,2 Months," 5,000-10,000 ","Communication, Teamwork"
Android App Development,Premier Electrosystems,Not hiring,Work from home,1 Month,"2,000","App Development, Flutter, React Native"
Music,Thouzen,Not hiring,Delhi,2 Months,"2,000","Communication, Teamwork"
Digital Marketing,Property Discuss,Not hiring,Work from home,2 Months,"8,000","SEO, Google Ads, Social Media Marketing"
Marketing,CraveDigi Advisors OPC Pvt. Ltd.,Actively hiring,Chennai                                                            (Hybrid),1 Month," 1,000 /week +  Incentives","Marketing Strategy, Communication, Market Research"
Influencer Marketing,CraveDigi Advisors OPC Pvt. Ltd.,Actively hiring,"Chennai, Bangalore                                                            (Hybrid)",1 Month," 1,000 /week +  Incentives","Marketing Strategy, Communication, Market Research"
WordPress Designer,199 Staff,Not hiring,Work from home,6 Months,"8,000","Graphic Design, Photoshop, Illustrator"
WordPress Development,Pivot Designs,Not hiring,Work from home,6 Months,"7,000","Communication, Teamwork"
Law/Legal,Legal Education Awareness Foundation,Not hiring,Work from home,1 Month," 2,500  +  Incentives","Communication, Teamwork"
Accounts,Rentkar-Switch To Share,Actively hiring,Mumbai,3 Months," 12,000-16,000 ","Communication, Teamwork"
Human Resources (HR),Metadome,Not hiring,Gurgaon,3 Months,"15,000","Recruitment, HR Management, Communication"
Graphic Design,HoloKitab Technologies,Not hiring,Work from home,1 Month," 8,000-10,000 ","Graphic Design, Photoshop, Illustrator"
Business Development (Sales),Rentkar-Switch To Share,Actively hiring,Mumbai,6 Months,"12,000","Sales, Negotiation, Business Strategy"
Human Resources (HR),Codecraft IT Solutions,Actively hiring,Work from home,6 Months," 5,000-8,000 ","Recruitment, HR Management, Communication"
HR,Codecraft IT Solutions,Actively hiring,Work from home,6 Months," 5,000-8,000 ","Recruitment, HR Management, Communication"
Business Development (Sales),DG Creation,Not hiring,Work from home,3 Months,"1,000","Sales, Negotiation, Business Strategy"
Digital Marketing,NK Verma,Not hiring,Work from home,1 Month,"1,000","SEO, Google Ads, Social Media Marketing"
Social Media Marketing,Preeti  Khare,Not hiring,Work from home,6 Months,"5,000","Marketing Strategy, Communication, Market Research"
Volunteering,Kshitiksha Foundation,Actively hiring,Work from home,1 Month,Unpaid,"Communication, Teamwork"
"Physiotherapy, Anti-Aging, Weight-loss, Aerobics",Physio Slim Fit Wellness Center,Not hiring,Gurgaon,1 Month,"5,500","Communication, Teamwork"
Field Sales,Bathline India Private Limited,Not hiring,Delhi                                                            (Hybrid),6 Months,"13,000","Sales, Negotiation, CRM"
Python Development,ORIM Advisors,Not hiring,Mumbai                                                            (Hybrid),2 Months," 10,000-30,000 ","Python,Django,SQL"
"Medical Science, Pathology, Radiology, Pharmacology - Content Writing",Earth5R,Actively hiring,Work from home,1 Month,Unpaid,"Content Writing, Editing, SEO"
Personal Assistant Internship,Wehire Talent Solutions,Actively hiring,Mumbai,3 Months,"5,000","Coordination, Communication, MS Office"
Sales And Outreach (WFH: Vet-Med Industry),Qualitymind Private Limited,Not hiring,Work from home,6 Months," 1,000-10,000 ","Sales, Negotiation, CRM"
Marketing,Dr Mickey,Not hiring,Mumbai                                                            (Hybrid),3 Months," 8,000-15,000 ","Marketing Strategy, Communication, Market Research"
Content Writing,Emptor Edge Private Limited,Not hiring,Delhi,6 Months,"7,500","Content Writing, Editing, SEO"
"Human Resources, Recruitment And Training - Content Writing",Earth5R,Actively hiring,Work from home,1 Month,Unpaid,"Content Writing, Editing, SEO"
Artificial Intelligence And Machine Learning - Content Writing,Earth5R,Actively hiring,Work from home,1 Month,Unpaid,"Python, Neural Networks,R"
Content Localization,Cynapto Technologies Private Limited,Not hiring,Work from home,6 Months," 5,000-10,000 ","Content Writing, Editing, SEO"
Full Stack Development,Brihat Infotech Private Limited,Actively hiring,Work from home,3 Months,"5,000","React,Node,Express,Next,SQL"
Video Editing/Making,LetsArc Media,Not hiring,Work from home,2 Months," 2,000-4,000 ","Video Editing, Premiere Pro, After Effects"
Chartered Accountancy (CA),Shishir Gupta And Company,Not hiring,Dehradun,12 Months,"8,000","Communication, Teamwork"
Marketing,Talent Corner HR Services,Not hiring,Work from home,2 Months," 5,000 lump sum","Marketing Strategy, Communication, Market Research"
Digital Marketing,Sandbox Rigs,Not hiring,Work from home,3 Months,"10,000","SEO, Google Ads, Social Media Marketing"
Store Experience,Manny's,Not hiring,Chandigarh,6 Months," 8,000-10,000 ","Communication, Teamwork"
Web Development,Mercury Design,Not hiring,Jaipur,6 Months," 7,000-10,000 "," HTML,css,react,node,mongoDB"
JavaScript Development,COSMICSTAYS,Not hiring,Pune,3 Months,"10,000","JavaScript,React,Node,MongoDB"
Sales Consultant,Wonderkids.club,Not hiring,Work from home,1 Month," 5,000  +  Incentives","Sales, Negotiation, CRM"
Web Developer Specialising In JS And GSAP,Vestaso,Not hiring,Work from home,3 Months," 8,000-15,000 ","HTML,css,react,node,mongoDB"
Digital Marketing,Questdoor Private Limited,Not hiring,Work from home,3 Months,"8,000","SEO, Google Ads, Social Media Marketing"
Psychology,Knowledge Bridge Consulting Incorporated,Not hiring,"Anantapur, Puttaparthi, Vijayawada",3 Months," 4,000-8,000 ","Communication, Teamwork"
Growth Marketing,Foundit India (formerly Monster APAC & ME),Not hiring,Bangalore,3 Months,"15,000","Marketing Strategy, Communication, Market Research"
Business Development (Sales),Orbit Communications,Not hiring,"Vadodara, Mumbai",2 Months," 10,000-15,000 ","Sales, Negotiation, Business Strategy"
Supply Chain Management (SCM),Wakefit Innovations Private Limited,Not hiring,Bangalore,3 Months,"15,000","Communication, Teamwork"
Video Editing/Making,CeDISI Partners LLP,Not hiring,Delhi,2 Months,"10,000","Video Editing, Premiere Pro, After Effects"
Human Resources (HR),Digital Academy 360,Not hiring,Bangalore,3 Months,"10,000","Recruitment, HR Management, Communication"
Lead Generation,Mradula Shet,Not hiring,Work from home,2 Months," 2,000  +  Incentives","Communication, Teamwork"
Flutter Development,CraftMyPlate,Not hiring,Work from home,6 Months,"5,000","Communication, Teamwork"
Human Resources (HR),Rubal Bamniya,Not hiring,Noida,6 Months,"12,000","Recruitment, HR Management, Communication"
Video Editing/Making,Swati Awasthi,Not hiring,Work from home,6 Months,"10,000","Video Editing, Premiere Pro, After Effects"
Business Development (Sales),Simplifin,Not hiring,Work from home,3 Months," 3,000  +  Incentives","Sales, Negotiation, Business Strategy"
Digital Marketing,EnhanceRank,Not hiring,Delhi,6 Months,"5,000","SEO, Google Ads, Social Media Marketing"
Human Resources (HR),Impact Analytics,Not hiring,Bangalore,6 Months,"20,000","Recruitment, HR Management, Communication"
Business Research,Sajan Shah,Not hiring,Ahmedabad,5 Months,"7,000","Sales, Negotiation, Business Strategy"
Quality Control,Healthline Private Limited Company,Not hiring,Bangalore,3 Months,"2,000","Communication, Teamwork"
International Business Development,The Diamond Port,Not hiring,Surat,6 Months," 10,000-15,000 ","Sales, Negotiation, Business Strategy"
Graphic Design,Furitek Media LLP,Not hiring,Work from home,1 Month,"10,000","Graphic Design, Photoshop, Illustrator"
AI,ProSapiens HR,Not hiring,Hyderabad                                                            (Hybrid),6 Months," 10,000-20,000 ","Communication, Teamwork"
Business Development (Sales),SugarStrings.ai,Not hiring,Bangalore,6 Months,"15,000","Sales, Negotiation, Business Strategy"
Service Engineer,Smartline E Commerce P Ltd,Not hiring,"Kolkata, Siliguri, Midnapore",6 Months," 7,000-12,000 ","Communication, Teamwork"
Business Development (Sales),Sploot Private Limited,Not hiring,Gurgaon,6 Months,"10,000","Sales, Negotiation, Business Strategy"
Marketing And Sales,Insighte,Not hiring,Bangalore                                                            (Hybrid),6 Months," 6,000  +  Incentives","Sales, Negotiation, CRM"
Software Development,Renambl Technologies,Not hiring,Chennai,3 Months,"5,000","Communication, Teamwork"
Social Media Marketing,Physiques By Vinay,Not hiring,Work from home,3 Months," 3,000-7,500 ","Marketing Strategy, Communication, Market Research"
HR Consultant,FUTUREROLE INC,Not hiring,Bangalore,1 Month,"5,000","Consulting, Analysis, Presentation"
Social Media Marketing,Wilde Pattern Company,Not hiring,Mumbai,3 Months,"6,000","Marketing Strategy, Communication, Market Research"
Business Development (Sales),Alchemy Capital Management Pvt Ltd,Not hiring,Mumbai,3 Months,"10,000","Sales, Negotiation, Business Strategy"
Graphic Design,Shunya Fodder & Forage Agritech Private Limited,Not hiring,"Delhi, Gurgaon",5 Months," 10,000-12,000 ","Graphic Design, Photoshop, Illustrator"
Graphic Design,Mahendhar Reddy,Not hiring,Work from home,3 Months,"12,000","Graphic Design, Photoshop, Illustrator"
Next.js + AWS Developer,Thinq 7,Not hiring,Work from home,1 Month,"5,000","Next,React,Node,AWS"
Hardware Assistance,TECH TRADE SOLUTIONS,Not hiring,Pimpri-Chinchwad,6 Months,"8,000","Communication, Teamwork"
Software Development,Mind Prabha Techonologies Private Limited,Not hiring,Pune,6 Months,"2,000","Communication, Teamwork"
Graphic Design,Skyy Rider Electric Private Limited,Not hiring,"Bhubaneswar, Cuttack, Puri, Khordha",3 Months,"5,000","Graphic Design, Photoshop, Illustrator"
Social Media Marketing,Flashmind Digital,Not hiring,Mumbai                                                            (Hybrid),3 Months,"5,000","Marketing Strategy, Communication, Market Research"
Video Editing/Making,Social Refuel Private Limited,Not hiring,Mumbai,6 Months," 7,000-12,000 ","Video Editing, Premiere Pro, After Effects"
Recruitment Consultant,The Intect,Not hiring,Noida,6 Months,"5,000","Consulting, Analysis, Presentation"
Search Engine Optimization (SEO),PolicyBazaar.com,Not hiring,Gurgaon,6 Months,"15,000","SEO, Google Analytics, Keyword Research"
LinkedIn Account Management,Vijay Yadav,Not hiring,Work from home,1 Month,"4,000","Communication, Teamwork"
Human Resources (HR),Asian Institute of Gastroenterology Private Limited,Not hiring,Hyderabad,6 Months," 10,000-12,000 ","Recruitment, HR Management, Communication"
Executive Assistant,Journeyteaches,Not hiring,Work from home,1 Month,"1,000","Coordination, Communication, MS Office"
Digital Marketing,Click2Commission,Not hiring,Noida,3 Months,"15,000","SEO, Google Ads, Social Media Marketing"
Digital Marketing Tranee,SassyBranding,Not hiring,Work from home,3 Months,"3,000","SEO, Google Ads, Social Media Marketing"
Business Development (Sales),Junior Robo Innovations,Not hiring,Work from home,2 Months,"7,000","Sales, Negotiation, Business Strategy"
Trainee Research Associate,Talent Carriage,Not hiring,Work from home,3 Months," 4,000-10,000 ","Research, Analysis, Report Writing"
Sales Development Representative,Giift Plus India Private Limited,Not hiring,Bangalore                                                            (Hybrid),6 Months,"20,000","Sales, Negotiation, CRM"
Business Research,Invergence Analytics Pvt Ltd,Not hiring,Work from home,3 Months,"10,000","Sales, Negotiation, Business Strategy"
CS Articleship,CORPVIDHYA INSIGHT ADVISORS LLP,Not hiring,Delhi,6 Months," 5,000-7,000 ","Communication, Teamwork"
Business Development (Sales),SOM GROUP,Not hiring,Indore,6 Months," 12,000  +  Incentives","Sales, Negotiation, Business Strategy"
Social Media Marketing,SONU VIKABH,Not hiring,Mumbai                                                            (Hybrid),3 Months,"10,000","Marketing Strategy, Communication, Market Research"
Email Marketing,GEMA Education Technology Private Limited,Actively hiring,Work from home,1 Month,"1,000","Marketing Strategy, Communication, Market Research"
Virtual Assistant,Achyut Karol,Not hiring,Work from home,2 Months,"2,000","Coordination, Communication, MS Office"
Marketing,Bharat Earn Technology Pvt. Ltd.,Not hiring,Bangalore,3 Months,"10,000","Marketing Strategy, Communication, Market Research"
Content Writing,Kafirana Blogs,Not hiring,Work from home,6 Months,"5,000","Content Writing, Editing, SEO"
Graphic Design,Education Gloable Et Developpement,Not hiring,Work from home,3 Months,Unpaid,"Graphic Design, Photoshop, Illustrator"
Field Sales,Oqulix Pvt Ltd,Not hiring,Work from home,4 Months," 5,000  +  Incentives","Sales, Negotiation, CRM"
Flutter Development,Intelligentia Labs Private Limited,Not hiring,Work from home,1 Month,"20,000","Communication, Teamwork"
Graphic Design,Kaushal Sharma,Not hiring,Work from home,2 Months,"10,000","Graphic Design, Photoshop, Illustrator"
Python/Blockchain Development,Synergic Byte,Not hiring,Work from home,5 Months," 3,000-5,000 ","Python,Django,SQL,Blockchain"
Content Creator/ Video Editor,Chuki,Not hiring,Work from home,6 Months,"16,000","Video Editing, Premiere Pro, After Effects"
Product Management,Virtual Team,Not hiring,Work from home,1 Month,"1,000","Communication, Teamwork"
Social Media Marketing,Mansi Tomar,Not hiring,Work from home,1 Month," 2,000  +  Incentives","Marketing Strategy, Communication, Market Research"
Sales Consultant,KRP Micro Finance,Not hiring,"Delhi, Noida",3 Months,"10,000","Sales, Negotiation, CRM"
Business Development (Sales),Baselit.ai,Not hiring,Work from home,1 Month,"7,000","Sales, Negotiation, Business Strategy"
Online Marketing,Modaro Health,Not hiring,Work from home,3 Months,"10,000","Marketing Strategy, Communication, Market Research"
Reactjs Development,JB CORPORATION,Not hiring,Jaipur,6 Months," 6,000-12,000 ","React,javaScript,Express"
Business Development Executive,Moon Technolabs Private Limited,Not hiring,Ahmedabad,6 Months,"7,000","Sales, Negotiation, Business Strategy"
Social Media Marketing,Hashtag Affairs,Not hiring,Delhi                                                            (Hybrid),1 Month," 5,000-10,000 ","Marketing Strategy, Communication, Market Research"
Law/Legal,Lawkavach,Not hiring,Bangalore                                                            (Hybrid),1 Month,Unpaid,"Communication, Teamwork"
Brand Management,NoBroker Technologies Solutions Private Limited,Not hiring,Bangalore,2 Months,"12,000","Marketing Strategy, Branding, Communication"
Business Development (Sales),Velocis Systems Private Limited,Not hiring,Bangalore,2 Months," 10,000-20,000 ","Sales, Negotiation, Business Strategy"
Entrepreneur Projects,DigiDarts Marketing Private Limited,Not hiring,"Faridabad, Delhi, Gurgaon, Noida",4 Months,"6,000","Leadership, Innovation, Social Impact"
Video Editing/Making,Sameer Khatri,Not hiring,Work from home,6 Months,"5,000","Video Editing, Premiere Pro, After Effects"
Human Resources (HR),Traxive By Piyush Sharma,Not hiring,Work from home,3 Months," 1,000-5,000 ","Recruitment, HR Management, Communication"
Finance,Infrastructure Development Corporation (Karnataka) Limited,Not hiring,Bangalore,6 Months,"10,000","Excel, Financial Analysis, Accounting"
Game Development,Pixamentory Online Services,Not hiring,Work from home,3 Months,"10,000","C,unity,maya"
Operations,I Deserve Life Systems LLP,Not hiring,Kolkata,6 Months,"12,000","Operations Management, Coordination, MS Excel"
Data Analytics,Ozibook Tech Solutions Private Limited,Actively hiring,Work from home,3 Months,"1,000","Python, SQL, Data Analysis"
Business Analytics,Ozibook Tech Solutions Private Limited,Actively hiring,Work from home,3 Months,"1,000","Sales, Negotiation, Business Strategy"
Content Writing (Personal Branding Specialist),Ozibook Tech Solutions Private Limited,Actively hiring,Work from home,4 Months,"10,000","Marketing Strategy, Branding, Communication"
Content & E-Commerce Management,NYRA,Not hiring,Kanpur,2 Months," 3,000-6,000 ","Content Writing, Editing, SEO"
Social Media Marketing,Frihbi Enterprises Private Limited,Not hiring,Work from home,3 Months,"3,000","Marketing Strategy, Communication, Market Research"
Author Outreach & Data Entry,Gamahouse Publishing,Actively hiring,Work from home,6 Months,"1,000","Excel,python,SQL,marketing,sales"
Human Resources (HR),Techiegigs,Not hiring,Navi Mumbai,3 Months,"5,000","Recruitment, HR Management, Communication"
Human Resources (HR),CollegeTips Ed Tech Media Private Limited,Not hiring,Bhopal,1 Month," 2,000-10,000 ","Recruitment, HR Management, Communication"
AWS DevOps Engineer,Triluxo Technologies Private Limited,Actively hiring,Work from home,6 Months," 1,000-3,000 ","AWS,terraform,python"
Content Writing,Thick Accent Football,Not hiring,Work from home,2 Months,"7,000","Content Writing, Editing, SEO"
Content Writing,Aza Fashions,Not hiring,Mumbai,3 Months,"15,000","Content Writing, Editing, SEO"
Database Building/Management,Request IT Support,Actively hiring,Work from home,6 Months,"15,000","Python, SQL, Data Analysis"
Travel Consultant,Fly Divine Travels,Not hiring,Faridabad,6 Months," 9,000-14,000 ","Consulting, Analysis, Presentation"
AWS Cloud Management,Request IT Support,Actively hiring,Work from home,6 Months,"16,000","AWS,terraform,python"
Human Resources (HR),Recruitwire Services,Not hiring,Work from home,3 Months,"3,000","Recruitment, HR Management, Communication"
Product Testing,Request IT Support,Actively hiring,Work from home,6 Months,"18,000","Zephyr,Jira"
Mobile App Development,Accurate Gems Private Limited,Not hiring,Work from home,6 Months," 3,000-5,000 ","Android, Kotlin, Java"
Content Writing,Classplus (Bunch Microtechnologies Private Limited),Not hiring,Noida,6 Months,"15,000","Content Writing, Editing, SEO"
Content Writing,Appjunction,Not hiring,Work from home,2 Months,"5,000","Content Writing, Editing, SEO"
Digital Marketing,Make Indias,Not hiring,Varanasi,3 Months," 2,000-5,000 ","SEO, Google Ads, Social Media Marketing"
Digital Marketing,Weboin Technologies Private Limited,Not hiring,Chennai,3 Months,"5,000","SEO, Google Ads, Social Media Marketing"
Business Development (Sales),Wayspire Edtech Private Limited,Actively hiring,Gurgaon,6 Months," 15,000-18,000 ","Sales, Negotiation, Business Strategy"
Event Management,TEAMCORE EVENTS,Not hiring,"Faridabad, Delhi, Ghaziabad, Gurgaon, Greater Noida, Noida, North, West, Manesar, South, South East",1 Month," 10,000-15,000 ","Communication, Teamwork"
Chartered Accountancy (CA),Swadhin Chhajed,Not hiring,Bangalore,24 Months," 5,000-30,000 ","Communication, Teamwork"
Social Media Marketing,Digisteps,Not hiring,Delhi,6 Months,"6,000","Marketing Strategy, Communication, Market Research"
Social Media Marketing,Teevro,Not hiring,Work from home,2 Months," 2,000-5,000 ","Marketing Strategy, Communication, Market Research"
Graphic Design,Cityflo,Not hiring,"Thane, Mumbai",3 Months,"10,000","Graphic Design, Photoshop, Illustrator"
Customer Service/Customer Support,Clapingo Education,Actively hiring,Work from home,3 Months,"5,000","Communication, Teamwork"
Telecalling,Coding Junior,Actively hiring,Work from home,1 Month,"2,000","Communication, Sales, Customer Handling"
Marketing,Coding Junior,Actively hiring,Work from home,6 Months,"10,000","Marketing Strategy, Communication, Market Research"
Social Media Marketing,Hire4ITES,Not hiring,Jaipur,3 Months,"5,000","Marketing Strategy, Communication, Market Research"
Human Resources (HR),Coding Junior,Actively hiring,Work from home,3 Months,"2,000","Recruitment, HR Management, Communication"
Field Enumerator (Baseline Study For An Agricultural Program),SocioLadder,Not hiring,"Anantapur, Guntur, Mahabubabad, Warangal, Nalgonda, Mulugu, East Godavari, Peddavura",1 Month," 5,000-15,000 ","Communication, Teamwork"
Human Resources (HR),Felix IT Systems,Not hiring,Pune,6 Months,"12,000","Recruitment, HR Management, Communication"
Social Media Marketing,Square Panda,Not hiring,Mumbai,2 Months,"15,000","Marketing Strategy, Communication, Market Research"
UI/UX Design,Across The Globe (ATG),Actively hiring,Work from home,6 Months," 3,000  +  Incentives","Figma, Wireframing, Prototyping"
Human Resources (HR),KIWIQA Services,Not hiring,Ahmedabad,6 Months," 7,000-10,000 ","Recruitment, HR Management, Communication"
Human Resources (HR),Universal Adventures,Actively hiring,Work from home,3 Months,"2,500","Recruitment, HR Management, Communication"
Yoga Teacher,Aayana Yoga Academy,Not hiring,Bangalore,6 Months," 5,000-8,000 ","Teaching, Mentoring, Communication"
Content Writing,Rydeu Logistics UG,Actively hiring,Work from home,6 Months," 6,000-8,000 ","Content Writing, Editing, SEO"
Social Media Marketing,Wehire Talent Solutions,Actively hiring,Mumbai,3 Months,"3,000","Marketing Strategy, Communication, Market Research"
Front End Development,Rydeu Logistics UG,Actively hiring,Work from home,6 Months," 10,000-12,000 ","Communication, Teamwork"
Lead Generation,Rydeu Logistics UG,Actively hiring,Work from home,6 Months," 10,000-15,000 ","Communication, Teamwork"
Business Strategy,Captain $ales,Not hiring,Gurgaon,3 Months,"5,000","Sales, Negotiation, Business Strategy"
Corporate Relations,Wayspire Edtech Private Limited,Actively hiring,Gurgaon,6 Months," 10,000-12,000 ","Communication, Teamwork"
Finance & Accounting,Rydeu Logistics UG,Actively hiring,Work from home,6 Months," 10,000-12,000 ","Accounting, Tally, Excel"
Human Resources (HR),Wehire Talent Solutions,Actively hiring,Mumbai,3 Months,"7,000","Recruitment, HR Management, Communication"
Logistics And Operations,Rydeu Logistics UG,Actively hiring,Work from home,6 Months," 10,000-12,000 ","Operations Management, Coordination, MS Excel"
Tele Sales,Sehej And Ali Technologies,Not hiring,Work from home,3 Months," 2,000  +  Incentives","Sales, Negotiation, CRM"
Search Engine Optimization (SEO),Caption Home,Not hiring,Work from home,3 Months," 5,000-10,000 ","SEO, Google Analytics, Keyword Research"
Interior Design,S  Narang Construct,Not hiring,Delhi,3 Months,"5,000","Graphic Design, Photoshop, Illustrator"
Company Secretary (CS),"AAS & Associates, Company Secretaries",Not hiring,Mumbai,24 Months," 8,000-12,000 ","Communication, Teamwork"
Company Secretary (CS),PREKSH CORPSERVE LLP,Not hiring,Mumbai,24 Months," 8,000-12,000 ","Communication, Teamwork"
Community Management,Thinnai Experiences,Not hiring,Bangalore                                                            (Hybrid),3 Months,"5,000","Community Building, Communication, Public Relations"
Equity Analyst,Mehta Poly Boards,Not hiring,Mumbai,6 Months," 8,000-10,000 ","Communication, Teamwork"
Telecalling,CK And Sons Textiles,Actively hiring,Work from home,2 Months,"8,000","Communication, Sales, Customer Handling"
Merchandising,GreyToYellow,Not hiring,Gurgaon,3 Months,"5,000","Communication, Teamwork"
Graphic Design,ONE XL INFO LLP,Actively hiring,Pune,3 Months,"5,000","Graphic Design, Photoshop, Illustrator"
Creative And Innovation,ONE XL INFO LLP,Actively hiring,Pune,3 Months,"5,000","Communication, Teamwork"
Social Media Marketing,Park Plaza Jodhpur,Not hiring,Jodhpur,6 Months," 5,000-6,000 ","Marketing Strategy, Communication, Market Research"
Digital Marketing,Mehta Poly Boards,Not hiring,Mumbai,6 Months," 8,000-10,000 ","SEO, Google Ads, Social Media Marketing"
Motion Graphics,NoBroker Technologies Solutions Private Limited,Not hiring,Bangalore,3 Months,"12,000","Graphic Design, Photoshop, Illustrator"
WordPress Development,Think Digital,Not hiring,Work from home,1 Month," 1,000-2,000 ","Communication, Teamwork"
Architecture,Egosmart Vehicle Private Limited,Not hiring,Work from home,2 Months,"15,000","AutoCAD, Architecture Design, 3D Modeling"
Business Development (Sales),Kratikal Tech Private Limited,Not hiring,Noida,6 Months,"15,000","Sales, Negotiation, Business Strategy"
Search Engine Optimization (SEO),Quantum IT Innovation,Actively hiring,Work from home,6 Months," 8,000-10,000 ","SEO, Google Analytics, Keyword Research"
Deep Learning Engineer,APTAGRIM CONSULTING PRIVATE LIMITED,Actively hiring,Hyderabad,6 Months,"15,000","Communication, Teamwork"
SEO Analyst,Quantum IT Innovation,Actively hiring,Work from home,6 Months," 8,000-10,000 ","SEO, Google Analytics, Keyword Research"
Python Development,STOKHOS,Not hiring,Noida,2 Months," 10,000-13,000 ","Communication, Teamwork"
Human Resources (HR),Maionic,Not hiring,Mumbai,2 Months,"10,000","Recruitment, HR Management, Communication"
Social Media Marketing,Physics Wallah,Actively hiring,Work from home,6 Months,"15,000","Marketing Strategy, Communication, Market Research"
Full Stack Development,Pentacle Designing Solutions Pvt. Ltd.,Not hiring,Mumbai,3 Months,"10,000","React,Node,Express,Next,SQL"
Search Engine Optimization (SEO),Sarita Patel,Not hiring,Gurgaon,6 Months,"7,000","SEO, Google Analytics, Keyword Research"
Content Writing,The Byke Hospitality,Not hiring,Mumbai,6 Months," 5,000-10,000 ","Content Writing, Editing, SEO"
CA,Magenta EV Solutions Private Limited,Not hiring,Navi Mumbai,6 Months," 15,000-30,000 ","Communication, Teamwork"
Video Editing/Making,Digital Labour Chowk,Not hiring,Noida,2 Months," 3,000-5,000 ","Video Editing, Premiere Pro, After Effects"
3Ds Max,Sandeep Geeta And Associates Private Limited,Not hiring,"Faridabad, Delhi, Gurgaon, Noida                                                            (Hybrid)",1 Month,"5,000","Communication, Teamwork"
Search Engine Optimization (SEO),Quincare Pharmaceuticals Private Limited,Not hiring,Nagpur                                                            (Hybrid),6 Months," 2,000-5,000 ","SEO, Google Analytics, Keyword Research"
Human Resources (HR),Capital India Finance Limited,Not hiring,Mumbai,6 Months," 10,000-15,000 ","Recruitment, HR Management, Communication"
HR Consultant,Emami Limited,Not hiring,Kolkata,6 Months,"5,000","Consulting, Analysis, Presentation"
Customer Service/Customer Support,NEC Corporation India Private Limited,Not hiring,Noida                                                            (Hybrid),6 Months,"10,000","Communication, Teamwork"
Accounting & Bookkeeping,Hryday Enterprises,Not hiring,Mumbai,3 Months,"4,000","Accounting, Tally, Excel"
Graphic Design,Aggarwal Chemicals International,Not hiring,Work from home,3 Months,"5,000","Graphic Design, Photoshop, Illustrator"
Java Development,Monkhub,Actively hiring,Gurgaon,6 Months," 7,000-10,000 ","springboot, JPA, Maven"
Teaching,Bricks 4 Kidz,Not hiring,Delhi,6 Months," 14,000-15,000 ","Teaching, Curriculum Design, Communication"
Java Development,Quarks Technosoft Private Limited,Actively hiring,Noida,6 Months,"15,000","springboot, JPA, Maven"
Video Editing/Making,Career-Domain,Actively hiring,Work from home,3 Months,"5,000","Video Editing, Premiere Pro, After Effects"
Human Resources (HR),ONE XL INFO LLP,Actively hiring,Pune,6 Months,"5,000","Recruitment, HR Management, Communication"
Graphic Design,Homoeoneeds,Not hiring,Work from home,3 Months," 5,000-15,000 ","Graphic Design, Photoshop, Illustrator"
Business Development (Sales),SeriesX Marketing,Not hiring,Work from home,3 Months,"15,000","Sales, Negotiation, Business Strategy"
Events Audience Generation Specialist,Kestone Global,Not hiring,"Delhi, Bangalore                                                            (Hybrid)",3 Months,"18,000","Communication, Teamwork"
Social Media Video Content Creator (Instagram & YouTube),Vertical Corporation,Not hiring,Work from home,6 Months," 5,000-40,000 ","Video Editing, Premiere Pro, After Effects"
Business Development (Sales),The Content Co.,Actively hiring,Work from home,3 Months," 15,000  +  Incentives","Sales, Negotiation, Business Strategy"
Social Media Marketing,OceanicBridge Exports Private Limited,Not hiring,Hyderabad,3 Months,"6,000","Marketing Strategy, Communication, Market Research"
Lead Generation,OfBusiness (OFB Tech Private Limited),Not hiring,Gurgaon,4 Months," 17,000-22,000 ","Communication, Teamwork"
Full Stack Development,Imperio Railing Systems,Actively hiring,Mumbai,3 Months,"5,000","React,Node,Express,Next,SQL"
Finance,Integra Capital Management Limited,Not hiring,Delhi,3 Months,"5,000","Excel, Financial Analysis, Accounting"
Content Writing,Grey Mantel Communications,Not hiring,Work from home,6 Months," 3,000-8,000 ","Content Writing, Editing, SEO"
Social Media,Ally Digital Media,Not hiring,Mumbai,6 Months," 5,000-10,000 ","Social Media, Content Creation, Analytics"
Architecture,ARCHORALE DESIGN STUDIO,Not hiring,Gurgaon                                                            (Hybrid),6 Months,"5,000","AutoCAD, Architecture Design, 3D Modeling"
PHP Development,INFOWAY,Not hiring,Mumbai,6 Months," 5,000-6,000 ","Communication, Teamwork"
UI/UX Design,Tournamax,Not hiring,Work from home,3 Months,"2,000","Figma, Wireframing, Prototyping"
Marketing,Trelish,Not hiring,Pune,3 Months,"10,000","Marketing Strategy, Communication, Market Research"
Startup Analyst,Favcy,Not hiring,Delhi,3 Months,"8,000","Communication, Teamwork"
Graphic Design,Maxburn Private Limited,Not hiring,Bangalore,3 Months," 15,000-20,000 ","Graphic Design, Photoshop, Illustrator"
Mobile App Development,Sensekriti Innovation Private Limited,Not hiring,Haridwar,3 Months," 5,000-10,000 ","Android, Kotlin, Java"
Social Media Marketing,Edovu Ventures Private Limited,Not hiring,Gurgaon,3 Months," 8,000-12,000 ","Marketing Strategy, Communication, Market Research"
Digital Marketing,Technocratiq Digital,Not hiring,Work from home,4 Months,"5,000","SEO, Google Ads, Social Media Marketing"
CI/DevOps Engineer,Secure Machines Private Limited,Not hiring,Bangalore,6 Months,"20,000","Communication, Teamwork"
Telecalling,Card Expertise India Private Limited,Not hiring,Noida,5 Months," 8,000-12,000 ","Communication, Sales, Customer Handling"
Social Media Marketing,Ranbir Mukherjee,Not hiring,Mumbai,3 Months,"5,000","Marketing Strategy, Communication, Market Research"
Content Creator & Digital Marketer,Whybee,Not hiring,Bangalore                                                            (Hybrid),2 Months," 10,000-15,000 ","Content Writing, Editing, SEO"
Marketing,Optimed Corporation,Not hiring,Mumbai,3 Months,"7,000","Marketing Strategy, Communication, Market Research"
Social Media Marketing,Learning Routes,Not hiring,Gurgaon,3 Months,"5,000","Marketing Strategy, Communication, Market Research"
Talent Acquisition,Value Jobs Consulting Private Limited,Not hiring,Delhi,2 Months,"10,000","Communication, Teamwork"
Data Analytics,Arcatron Mobility Private Limited,Actively hiring,Pune,3 Months,"20,000","Python, SQL, Data Analysis"
Marketing,O Hi,Not hiring,Jaipur,3 Months," 12,000-15,000 ","Marketing Strategy, Communication, Market Research"
Content Development (English),Scoopearth,Not hiring,Work from home,2 Months,"3,000","Content Writing, Editing, SEO"
Social Media Marketing,Kush Nagda,Not hiring,Work from home,6 Months,"2,000","Marketing Strategy, Communication, Market Research"
Digital Marketing,Choira Musictech Private Limited,Not hiring,Mumbai,3 Months,"5,000","SEO, Google Ads, Social Media Marketing"
Digital Marketing,Navjot64,Not hiring,Work from home,2 Months,"2,000","SEO, Google Ads, Social Media Marketing"
Business Development (Sales),Arcelton,Not hiring,"Thane, Mumbai                                                            (Hybrid)",2 Months," 8,000-15,000 ","Sales, Negotiation, Business Strategy"
Administration,Weblingos Technologies,Not hiring,Work from home,3 Months,"5,000","Administration, Coordination, MS Office"
Reactjs Development,QuadB Tech,Actively hiring,Ludhiana,6 Months,"10,000","React,javaScript,Express"
Business Development For Film Production House,S17.Film,Not hiring,Mumbai                                                            (Hybrid),3 Months,"10,000","Sales, Negotiation, Business Strategy"
Digital Marketing,QPe,Not hiring,"Faridabad, Delhi, Gurgaon",6 Months,"8,000","SEO, Google Ads, Social Media Marketing"
Full Stack Development,Sobonix Solutions Private Limited,Not hiring,"Chandigarh, Delhi, Kurukshetra, Punjab, Himachal Pradesh",6 Months,"5,000","React,Node,Express,Next,SQL"
Business Development (Sales),SageBhrigu,Not hiring,Work from home,3 Months," 5,000  +  Incentives","Sales, Negotiation, Business Strategy"
Flutter Development,CapriTech Global Services Private Limited,Not hiring,Mumbai,6 Months,"7,000","Communication, Teamwork"
Data Entry,vCommission Media Private Limited,Not hiring,Mohali,6 Months,"10,000","Excel,python,SQL"
Business Development (Sales),Kunal Jain,Not hiring,Work from home,2 Months,"4,000","Sales, Negotiation, Business Strategy"
Copywriting,Microblank,Not hiring,Work from home,1 Month, 250 /week +  Incentives,"Communication, Teamwork"
Content Development (English),Fixsnag Enterprises Private Limited,Not hiring,Bangalore                                                            (Hybrid),5 Months," 5,000  +  Incentives","Content Writing, Editing, SEO"
Videography,Cyberninza Services,Not hiring,Gurgaon                                                            (Hybrid),6 Months,"15,000","Video Editing, Premiere Pro, After Effects"
Web Development,The Solution Providers,Not hiring,Work from home,1 Month," 1,000  +  Incentives","HTML,css,react,node,mongoDB"
Software Development,Heel Tech Solutions,Not hiring,Vijayawada,6 Months," 2,000  +  Incentives","Communication, Teamwork"
Social Media,Indian Investing Conclave,Not hiring,Delhi,2 Months,"15,000","Social Media, Content Creation, Analytics"
Social Media Marketing,ViralEdits,Not hiring,Work from home,5 Months,"1,000","Marketing Strategy, Communication, Market Research"
Marketing,Formett F & B Private Limited,Not hiring,Jaipur,3 Months,"5,000","Marketing Strategy, Communication, Market Research"
Video Editing/Making,Ignitize Consulting Services Private Limited,Not hiring,Gurgaon,6 Months," 15,000-20,000 ","Video Editing, Premiere Pro, After Effects"
Logistics And Operations,Kishor Kalyanji Corp LLP,Not hiring,Mumbai,3 Months,"12,000","Operations Management, Coordination, MS Excel"
Architecture Content Writer,Kubo Architecture Studio,Not hiring,Work from home,2 Months,"5,000","Writing, SEO, Research"
Photography/Videography,Athul Prasda,Not hiring,Mumbai                                                            (Hybrid),3 Months,"15,000","Video Editing, Premiere Pro, After Effects"
Content Writing,Shorthills AI,Not hiring,Gurgaon,6 Months,"11,000","Content Writing, Editing, SEO"
Project Management,Ritinjali,Not hiring,Delhi                                                            (Hybrid),3 Months,"4,000","Project Management, MS Project, Leadership"
Marketing Analyst,AdLift Marketing Private Limited,Not hiring,Gurgaon,3 Months,"12,000","Marketing Strategy, Communication, Market Research"
Graphic Design,Thinkerplace Private Limited,Not hiring,Mumbai,3 Months," 3,000-10,000 ","Graphic Design, Photoshop, Illustrator"
Search Engine Optimization (SEO),DigiFly Technology(OPC) Private Limited,Not hiring,Gurgaon                                                            (Hybrid),6 Months,"15,000","SEO, Google Analytics, Keyword Research"
Content Creation,PriceLabs,Actively hiring,Work from home,6 Months,"15,000","Content Writing, Editing, SEO"
Business Development (Sales),Easemyliving.com,Not hiring,Work from home,3 Months," 8,000  +  Incentives","Sales, Negotiation, Business Strategy"
Email Marketing,Quantum IT Innovation,Actively hiring,Work from home,6 Months," 8,000-10,000 ","Marketing Strategy, Communication, Market Research"
Front Office,AGR Knowledge Services Private Limited,Not hiring,Sion Koliwada,3 Months,"15,000","Communication, Teamwork"
Accounting & Bookkeeping,Kabia Investment Managers,Not hiring,Noida                                                            (Hybrid),6 Months,"5,000","Accounting, Tally, Excel"
Node.js Development,Quarks Technosoft Private Limited,Actively hiring,Noida,6 Months,"15,000","Communication, Teamwork"
Sales Executive,Capture Art,Not hiring,Work from home,6 Months,"10,000","Sales, Negotiation, CRM"
Business Development (Sales),Data Alt Dynamics,Not hiring,Delhi,6 Months," 10,000  +  Incentives","Sales, Negotiation, Business Strategy"
Human Resources (HR),Plus IT Business Park,Not hiring,Thrissur,1 Month," 5,000-7,000 ","Recruitment, HR Management, Communication"
Business Development (Sales),Pankhuri,Not hiring,Work from home,3 Months,"5,000","Sales, Negotiation, Business Strategy"
UI/UX Design,CodeInterns,Actively hiring,Work from home,1 Month,"1,000","Figma, Wireframing, Prototyping"
Marketing,Arise,Not hiring,Delhi,4 Months,"3,500","Marketing Strategy, Communication, Market Research"
Business Development (Sales),Brandmingo Media Private Limited,Not hiring,Noida,6 Months," 6,000-10,000 ","Sales, Negotiation, Business Strategy"
Marketing,Pinacle Web India,Not hiring,Work from home,3 Months," 3,000  +  Incentives","Marketing Strategy, Communication, Market Research"
Performance Marketing - FB & Google Ads,Value Properties,Not hiring,Work from home,3 Months,"12,000","Marketing Strategy, Communication, Market Research"
Animation,The Designer Amma,Not hiring,Work from home,3 Months,"6,000","Communication, Teamwork"
Business Development (Sales),Unifynd Technologies,Not hiring,Mumbai,3 Months,"10,000","Sales, Negotiation, Business Strategy"
Content Writing,Valasys Media,Not hiring,Pune,3 Months,"15,000","Content Writing, Editing, SEO"
Company Secretary (CS),S. RAJWANSHI AND CO.,Not hiring,Delhi,12 Months," 5,000-6,000 ","Communication, Teamwork"
Media & Public Relations (PR),PR Ways,Not hiring,Work from home,4 Months," 3,000-7,000 ","Communication, Teamwork"
Content Writing,Mind Oriented,Not hiring,Work from home,6 Months,"2,000","Content Writing, Editing, SEO"
Flutter Development,Mind Prabha Techonologies Private Limited,Not hiring,Pune,6 Months,"2,000","Communication, Teamwork"
Digital Marketing,Sinope Software,Not hiring,Bangalore,4 Months," 6,000-15,000 ","SEO, Google Ads, Social Media Marketing"
Digital Marketing,Dataplatr,Not hiring,Bangalore                                                            (Hybrid),6 Months,"10,000","SEO, Google Ads, Social Media Marketing"
Talent Acquisition,ET Media Labs,Not hiring,Noida,6 Months,"10,000","Communication, Teamwork"
Digital Marketing,V Digitize U,Not hiring,Work from home,6 Months,"5,000","SEO, Google Ads, Social Media Marketing"
Business Development (Sales),UltraGenius Tech Private Limited,Not hiring,Work from home,3 Months," 5,000-20,000 ","Sales, Negotiation, Business Strategy"
Digital Marketing,Samriddh Vyapar,Not hiring,Delhi,3 Months,"3,000","SEO, Google Ads, Social Media Marketing"
Growth Intern,DigitalPaani,Not hiring,Gurgaon,3 Months,"10,000","Communication, Teamwork"
Accounting & Taxation,AMM Public School,Not hiring,"Ghaziabad, Modinagar                                                            (Hybrid)",2 Months,"6,000","Accounting, Tally, Excel"
Human Resources (HR),APSK Production & Entertainment Private Limited,Actively hiring,Noida,3 Months," 5,000-7,000 ","Recruitment, HR Management, Communication"
Graphic Design,Achievers Brigade,Not hiring,Work from home,4 Months," 1,000  +  Incentives","Graphic Design, Photoshop, Illustrator"
Demand Generation Speciaist,Wocom Technologies Private Limited,Not hiring,Faridabad,6 Months," 10,000-12,000 ","Communication, Teamwork"
Social Media Marketing,StartupGyaan,Not hiring,Delhi                                                            (Hybrid),4 Months," 8,000-10,000 ","Marketing Strategy, Communication, Market Research"
Corporate Sales,APC CREATIONS,Not hiring,Delhi                                                            (Hybrid),3 Months," 5,000 /week","Sales, Negotiation, CRM"
Lead Generation,Light Clothing,Not hiring,Work from home,1 Month," 1,000  +  Incentives","Communication, Teamwork"
Content Writing,TradeHike Consulting,Actively hiring,Delhi                                                            (Hybrid),3 Months,"10,000","Content Writing, Editing, SEO"
Project Management,Rousing Designs,Not hiring,Bangalore                                                            (Hybrid),6 Months,"10,000","Project Management, MS Project, Leadership"
Content Writing,Flipshope,Not hiring,Jaipur,6 Months,"10,000","Content Writing, Editing, SEO"
Human Resources (HR),Pureplay Skin Sciences (I) Private Limited,Not hiring,Thane,3 Months,"12,000","Recruitment, HR Management, Communication"
UI/UX Design,SuprDine,Not hiring,Work from home,2 Months,"1,500","Figma, Wireframing, Prototyping"
Business Development (Sales),Oratrics The Personality School,Not hiring,Work from home,2 Months,"10,000","Sales, Negotiation, Business Strategy"
Fundraising,Muskurahat Foundation,Actively hiring,Work from home,1 Month," 5,000-10,000 lump sum","Communication, Teamwork"
Marketing,Muskurahat Foundation,Actively hiring,Work from home,1 Month," 5,000-10,000 lump sum","Marketing Strategy, Communication, Market Research"
Telecalling,Bits And Bytes,Not hiring,Kalyan,6 Months,"7,000","Communication, Sales, Customer Handling"
Inside Sales,OpsTree,Not hiring,Work from home,3 Months," 8,000-14,000 ","Sales, Negotiation, CRM"
Digital Marketing,Impact Digital Services Private Limited,Not hiring,Delhi,6 Months,"10,000","SEO, Google Ads, Social Media Marketing"
Finance,A S Financial Services,Not hiring,Chandigarh,6 Months," 8,000-10,000 ","Excel, Financial Analysis, Accounting"
Human Resources (HR),Hamsi Marketing Private Limited,Not hiring,Hyderabad                                                            (Hybrid),4 Months," 3,000-8,000 ","Recruitment, HR Management, Communication"
Business Development (Sales),Etsah Groupe,Not hiring,Hyderabad,5 Months," 5,000-10,000 ","Sales, Negotiation, Business Strategy"
Business Development (Sales),Network Smith Private Limited,Not hiring,Delhi                                                            (Hybrid),3 Months, 500 /week +  Incentives,"Sales, Negotiation, Business Strategy"
Business Development (Sales),Mindcell,Not hiring,"Thane, Mumbai",1 Month," 8,000-15,000 ","Sales, Negotiation, Business Strategy"
Business Development (Sales),DOC-Q,Not hiring,Work from home,3 Months," 3,000-4,000 ","Sales, Negotiation, Business Strategy"
Content Writing,Atom11,Not hiring,Bangalore                                                            (Hybrid),6 Months," 25,000-30,000 ","Content Writing, Editing, SEO"
SEO Content Writer,RK & Co,Actively hiring,Work from home,4 Months,"7,500","SEO, Google Analytics, Keyword Research"
CA Articleship,Shishir Gupta And Company,Not hiring,Dehradun,12 Months," 5,000-8,000 ","Communication, Teamwork"
Interior Design,Ruchi's Design Studio - Kajal Panjwani,Not hiring,Work from home,6 Months," 5,000-8,000 ","Graphic Design, Photoshop, Illustrator"
Content Writing,Brands Elevator,Not hiring,Work from home,6 Months,"1,000","Content Writing, Editing, SEO"
Accounting & Taxation,Entire Experts Private Limited,Not hiring,Greater Noida,6 Months,"5,000","Accounting, Tally, Excel"
Article Writing,Careers360,Actively hiring,Work from home,3 Months,"20,000","Communication, Teamwork"
Architecture,Rajwada Luxury,Not hiring,Noida                                                            (Hybrid),4 Months,"5,000","AutoCAD, Architecture Design, 3D Modeling"
Graphic Design,Pereyan LLP,Actively hiring,Bangalore,6 Months," 10,000-15,000 ","Graphic Design, Photoshop, Illustrator"
Business Development (Sales),Digital Darts,Not hiring,Work from home,3 Months,"5,000","Sales, Negotiation, Business Strategy"
Robotics,Techprolabz,Not hiring,Patna,2 Months," 8,000-10,000 ","Communication, Teamwork"
Marketing Specialist – Client Acquisition (Content Sales),TechQuesto Labs Private Limited,Not hiring,Work from home,2 Months," 1,000  +  Incentives","Sales, Negotiation, CRM"
Marketing,MediaHolicss,Not hiring,Work from home,3 Months," 1,000 lump sum +  Incentives","Marketing Strategy, Communication, Market Research"
Business Development (Sales),AGS Infra,Not hiring,Greater Noida                                                            (Hybrid),3 Months," 8,000-12,000 ","Sales, Negotiation, Business Strategy"
Content Creator & Editor,Eazynomics,Not hiring,Work from home,3 Months," 5,000-10,000 ","Content Writing, Editing, SEO"
Telecalling,Abstract Digital World Private Limited,Not hiring,"Thane, Navi Mumbai, Mumbai",3 Months,"5,000","Communication, Sales, Customer Handling"
Content Writing,YMGrad,Not hiring,Delhi,3 Months," 15,000-20,000 ","Content Writing, Editing, SEO"
Executive Assistant-Founders Office,Carenow Healthcare Private Limited,Not hiring,Kolkata,3 Months," 15,000-20,000 ","Coordination, Communication, MS Office"
Graphic Design,Amrit Raj,Not hiring,Work from home,6 Months,"10,000","Graphic Design, Photoshop, Illustrator"
Digital Marketing,Greenium,Not hiring,Delhi,6 Months,"10,000","SEO, Google Ads, Social Media Marketing"
Psychology,United Well-Being Foundation,Not hiring,Work from home,6 Months,Unpaid,"Communication, Teamwork"
Python Development,Nihal Software,Actively hiring,Gurgaon,1 Month," 2,500-15,000 ","Python,Django,SQL"
Creative Design,Aambr Innovise Private Limited,Not hiring,Work from home,3 Months,"8,500","Graphic Design, Photoshop, Illustrator"
Content Writing,PlacesAroundPune,Not hiring,Work from home,6 Months,"5,000","Content Writing, Editing, SEO"
Graphic Design,Grace Design Lab,Not hiring,Work from home,3 Months,"4,000","Graphic Design, Photoshop, Illustrator"
Web Development,Career Grove 24,Actively hiring,Bangalore                                                            (Hybrid),3 Months," 10,000  +  Incentives","HTML,css,react,node,mongoDB"
Administration,Mayoor School Of Music,Not hiring,Noida,3 Months," 7,000-10,000 ","Administration, Coordination, MS Office"
Video Editing/Making,Deyome Designs Inc.,Not hiring,Work from home,3 Months,"20,000","Video Editing, Premiere Pro, After Effects"
Content Writing,Zealopus,Not hiring,Work from home,4 Months,"7,000","Content Writing, Editing, SEO"
Fashion Consultant,Virtual Team Corporation Inc.,Not hiring,Work from home,1 Month,"1,000","Consulting, Analysis, Presentation"
Marketing,Scinuvo Consumer Products LLP,Not hiring,Navi Mumbai,5 Months,"20,000","Marketing Strategy, Communication, Market Research"
DevOps,Program Warehouse,Not hiring,Work from home,6 Months,"1,000","Communication, Teamwork"
Brand Marketing,The Indi-Mums Limited,Not hiring,Work from home,3 Months," 5,000-10,000 ","Marketing Strategy, Branding, Communication"
AI/ML Engineer,Isourse,Actively hiring,Delhi,6 Months,"20,000","Communication, Teamwork"
Social Media Marketing,Purezen Health Solutions Private Limited,Actively hiring,Work from home,4 Months,"7,500","Marketing Strategy, Communication, Market Research"
Content & E-Commerce Management,Rajan Gaur,Not hiring,Work from home,3 Months,"3,000","Content Writing, Editing, SEO"
Hotel Management (Food & Beverage Production),Desertfox Recruitment,Not hiring,Pune,6 Months,"10,000","Communication, Teamwork"
Online Marketing,CraveDigi Advisors OPC Pvt. Ltd.,Actively hiring,Bangalore                                                            (Hybrid),2 Months," 1,000 /week +  Incentives","Marketing Strategy, Communication, Market Research"
Product Management,React Labs Private Limited,Actively hiring,Bangalore,3 Months," 25,000-30,000 ","Communication, Teamwork"
Business Development (Sales),Jairaj Builders,Not hiring,Kochi,6 Months," 5,000-12,000 ","Sales, Negotiation, Business Strategy"
Live Operations,Transweb Educational Service Private Limited,Not hiring,Work from home,6 Months,"8,000","Operations Management, Coordination, MS Excel"
Social Media Marketing,Moneyfrog Financial Services Private Limited,Not hiring,Mumbai,6 Months,"8,000","Marketing Strategy, Communication, Market Research"
Ad Sales,News Nama,Not hiring,Work from home,1 Month," 1,000  +  Incentives","Sales, Negotiation, CRM"
Pre-Sales Research Specialist,Avasar,Not hiring,Work from home,3 Months,"3,000","Research, Analysis, Report Writing"
Investment Banker,APCOLLP (Formally Aniket Prateek & Co.),Not hiring,Noida,6 Months,"7,000","Communication, Teamwork"
Data Entry,Arré,Not hiring,Mumbai,2 Months,"5,000","Excel,python,SQL"
Project Management,Heliverse,Actively hiring,Work from home,2 Months," 10,000-15,000 ","Project Management, MS Project, Leadership"
Graphic Design,IGRAND IT Solutions Private Limited,Not hiring,Hyderabad,6 Months,"5,000","Graphic Design, Photoshop, Illustrator"
Content Writing,SaaS Mantra,Not hiring,Chennai,2 Months,"15,000","Content Writing, Editing, SEO"
Digital Marketing,GMG Technotrades Private Limited,Not hiring,Nagpur,6 Months,"5,000","SEO, Google Ads, Social Media Marketing"
Sales,Deskera Systems India Private Limited,Not hiring,Bangalore,3 Months,"20,000","Sales, Negotiation, CRM"
Administration,Vision Oversea Study,Not hiring,Kochi                                                            (Hybrid),3 Months,"2,000","Administration, Coordination, MS Office"
Personal Assistant,WiseVision Realty Private Limited,Not hiring,Ahmedabad                                                            (Hybrid),3 Months,"5,000","Coordination, Communication, MS Office"
UX/UI Design,Brandshark,Actively hiring,Bangalore,3 Months,"10,000","Graphic Design, Photoshop, Illustrator"
Search Engine Optimization (SEO),The Stratup,Not hiring,Bangalore,3 Months," 3,000  +  Incentives","SEO, Google Analytics, Keyword Research"
Event Management,Vidhyashala,Actively hiring,Work from home,1 Month," 4,000  +  Incentives","Communication, Teamwork"
Marketing,Vidhyashala,Actively hiring,Work from home,1 Month," 3,000  +  Incentives","Marketing Strategy, Communication, Market Research"
AWS Developer,Request IT Support,Actively hiring,Work from home,6 Months,"16,000","AWS,terraform,python"
HR Consultant,SoAIVerse And Media Private Limited,Not hiring,Indore,6 Months," 8,000  +  Incentives","Consulting, Analysis, Presentation"
Back Office Executive,LA Technologies India Private Limited,Not hiring,Mumbai,6 Months,"10,000","Communication, Teamwork"
Graphic Design,"The Flying Panda (London, United Kingdom)",Actively hiring,Work from home,6 Months,"10,000","Graphic Design, Photoshop, Illustrator"
Tour Guide Delhi (English/Spanish),Nine Tours,Not hiring,Delhi,6 Months,"5,000","Communication, Teamwork"
Operations,Yogesh Pingle,Not hiring,Pune,2 Months,"5,000","Operations Management, Coordination, MS Excel"
Telecalling,UPEDGE ONLINE,Not hiring,Work from home,2 Months," 3,000  +  Incentives","Communication, Sales, Customer Handling"
Talent Acquisition,The OmniJobs,Not hiring,Work from home,3 Months," 2,000  +  Incentives","Communication, Teamwork"
Content Curator,Jarurat Care,Actively hiring,Work from home,4 Months,Unpaid,"Content Writing, Editing, SEO"
Content Development (English),Byline Learning Solutions LLP,Not hiring,Pune,3 Months," 10,000  +  Incentives","Content Writing, Editing, SEO"
Human Resources (HR),EdLernity Tech OPC Private Limited,Actively hiring,Work from home,2 Months," 1,000  +  Incentives","Recruitment, HR Management, Communication"
Content Writing,Universal Tribes,Actively hiring,Work from home,3 Months,"1,000","Content Writing, Editing, SEO"
Hindi Transcription Specialist,Indiaum Solutions,Actively hiring,Work from home,4 Months," 7,000-15,000 ","Typing, Listening, Attention to Detail"
Hindi Audio Transcription Associate,Indiaum Solutions,Actively hiring,Work from home,4 Months," 7,000-15,000 ","Typing, Listening, Attention to Detail"
Bengali Transcription Expert,Indiaum Solutions,Actively hiring,Work from home,4 Months," 7,000-15,000 ","Typing, Listening, Attention to Detail"
Bengali Language Transcriptionist,Indiaum Solutions,Actively hiring,Work from home,4 Months," 7,000-15,000 ","Typing, Listening, Attention to Detail"
Telugu Transcription Analyst,Indiaum Solutions,Actively hiring,Work from home,4 Months," 7,000-15,000 ","Typing, Listening, Attention to Detail"
Social Media,Texas School Of Mental Health LLC.,Not hiring,Pune,3 Months,"3,000","Social Media, Content Creation, Analytics"
Marathi Language Transcriber,Indiaum Solutions,Actively hiring,Work from home,4 Months," 7,000-15,000 ","Communication, Teamwork"
Telecalling,GVM Infotech,Not hiring,Bangalore,2 Months,"8,000","Communication, Sales, Customer Handling"
Facebook Marketing,Therapy Software Pvt Limited,Actively hiring,Work from home,3 Months,"10,000","Marketing Strategy, Communication, Market Research"
Mobile App Development,Therapy Software Pvt Limited,Actively hiring,Work from home,1 Month,"10,000","Android, Kotlin, Java"
Blockchain Development,"Swissmote, Inc. (San Francisco, United States)",Actively hiring,Work from home,1 Month,$ 700 ,"Communication, Teamwork"
Front End Development,"Swissmote, Inc. (San Francisco, United States)",Actively hiring,Work from home,1 Month,$ 600 ,"Communication, Teamwork"
Graphic Design,Nicologix Technologies And Consulting,Not hiring,Noida                                                            (Hybrid),3 Months,"5,000","Graphic Design, Photoshop, Illustrator"
Full Stack Development,"Swissmote, Inc. (San Francisco, United States)",Actively hiring,Work from home,1 Month,$ 600 ,"React,Node,Express,Next,SQL"
Social Media Marketing,"Swissmote, Inc. (San Francisco, United States)",Actively hiring,Work from home,1 Month,$ 200 ,"Marketing Strategy, Communication, Market Research"
Data Automation,Heavenly Secrets Private Limited,Actively hiring,Mumbai,3 Months,"15,000","Python, SQL, Data Analysis"
Human Resources (HR),Crompton Greaves Consumer Limited,Not hiring,Mumbai,6 Months," 20,000-25,000 ","Recruitment, HR Management, Communication"
Reactjs Development,Quarks Technosoft Private Limited,Actively hiring,Noida,6 Months,"15,000","React,javaScript,Express"
Recruitment,Omkar Realtors & Developers Limited,Not hiring,Mumbai,6 Months,"15,000","Communication, Teamwork"
Virtual Proofreading & Client Interaction,Internshala,Actively hiring,Work from home,6 Months,"14,445","Communication, Teamwork"
Operations Associate (Management),Sutra,Not hiring,Mumbai,3 Months," 2,000-5,000 ","Operations Management, Coordination, MS Excel"
Law/Legal,LawDocs,Not hiring,Jaipur,6 Months,Unpaid,"Communication, Teamwork"
Video Editing/Making,Marketing+,Not hiring,Work from home,3 Months,"8,000","Video Editing, Premiere Pro, After Effects"
Campus Ambassador,Indian School Of Business And Finance,Not hiring,Work from home,3 Months,Performance Based,"Marketing, Networking, Event Promotion"
Database Building/Management,Jyoti K,Not hiring,Work from home,6 Months," 2,500-3,000 ","Python, SQL, Data Analysis"
Node.js Development,Educase India,Actively hiring,Work from home,6 Months,"7,500","node,express,mongoDB"
Business Development (Sales),The Tann Mann Foundation,Not hiring,Work from home,3 Months,Unpaid,"Sales, Negotiation, Business Strategy"
Human Resources (HR),"Raja Professionals Inc (Montreal, Canada)",Actively hiring,Work from home,6 Months,$ 60 ,"Recruitment, HR Management, Communication"
Campus Ambassador,Task Crafters,Not hiring,"Kolkata, Mumbai",1 Month,Performance Based,"Marketing, Networking, Event Promotion"
Electrical Engineering,Sustenergy Foundation,Not hiring,Kottayam                                                            (Hybrid),1 Week,Unpaid,"Communication, Teamwork"
Campus Ambassador,Bombay Trophy,Not hiring,Mumbai,3 Months,Performance Based,"Marketing, Networking, Event Promotion"
Fundraising,Aasra Innovations And Multipurpose Foundation,Not hiring,Work from home,2 Months,Unpaid,"Communication, Teamwork"
Creative Design,Athira S Kumar,Not hiring,"Karur, Thrissur, Kochi                                                            (Hybrid)",6 Months," 8,000  +  Incentives","Graphic Design, Photoshop, Illustrator"
Video Editing/Making,Eduminatti,Actively hiring,Dehradun,2 Months," 3,000-6,000 ","Video Editing, Premiere Pro, After Effects"
SEO Content Writer,Webvio Technologies,Not hiring,Kolkata,3 Months,"6,000","SEO, Google Analytics, Keyword Research"
Market Research,Open Door Education,Actively hiring,Work from home,2 Weeks," 2,000 lump sum","Research, Analysis, Report Writing"
Business Development (Sales),Gurushala (Pratham Education Foundation),Not hiring,Delhi,6 Months,"12,000","Sales, Negotiation, Business Strategy"
Content Writing & Research,Reading Kites,Not hiring,Work from home,2 Months," 5,000-8,000 ","Research, Analysis, Report Writing"
Human Resources (HR),TheCoinRepublic,Not hiring,Bhopal,3 Months,"10,000","Recruitment, HR Management, Communication"
Mechanical Engineering,Gradtech,Not hiring,Work from home,1 Month," 5,000  +  Incentives","Communication, Teamwork"
Architecture,Design Edge,Not hiring,Rourkela,6 Months," 15,000-20,000 ","AutoCAD, Architecture Design, 3D Modeling"
Customer Service/Customer Support,Proactive For Her,Not hiring,Bangalore,3 Months," 10,000-15,000 ","Communication, Teamwork"
Operations,Anannt Training Institute,Not hiring,Pune,3 Months," 3,000-10,000 ","Operations Management, Coordination, MS Excel"
Copywriting,Architta Sethu,Not hiring,Work from home,2 Months,"1,000","Communication, Teamwork"
Digital Marketing,SchoTest,Not hiring,Gurgaon,2 Months,"5,000","SEO, Google Ads, Social Media Marketing"
Marketing,MadOverFish,Not hiring,Navi Mumbai,6 Months,"8,000","Marketing Strategy, Communication, Market Research"
Acting,Rohit Sharma,Not hiring,"Delhi, Gurgaon, Noida                                                            (Hybrid)",1 Month, 700 /week,"Communication, Teamwork"
Digital Marketing,Gameosophy,Not hiring,Work from home,6 Months," 3,000-5,000 ","SEO, Google Ads, Social Media Marketing"
Human Resources (HR),Envision Enterprise Solutions,Not hiring,Hyderabad,3 Months,"10,000","Recruitment, HR Management, Communication"
Telecalling-Pre Sales,Prop Legacy,Not hiring,Work from home,4 Months,"5,000","Communication, Sales, Customer Handling"
Graphic Design,Grooming Brothers,Not hiring,Work from home,5 Months,"10,000","Graphic Design, Photoshop, Illustrator"
Operations,WhataPortrait.com,Actively hiring,Work from home,6 Months,"8,000","Operations Management, Coordination, MS Excel"
Machine Learning,Bilateral Solutions Private Limited,Actively hiring,Mandi,6 Months,"10,000","Python, Neural Networks,R"
Front End Development,Bilateral Solutions Private Limited,Actively hiring,Mandi,6 Months,"10,000","Communication, Teamwork"
Content Writing,Inkshed Content Solutions,Not hiring,Work from home,3 Months," 6,000-8,000 ","Content Writing, Editing, SEO"
Marketing,Earth5R,Actively hiring,Work from home,3 Months,Unpaid,"Marketing Strategy, Communication, Market Research"
Environmental Sciences,Earth5R,Actively hiring,Mumbai,3 Months,"4,000","Communication, Teamwork"
Content Writing,Earth5R,Actively hiring,Work from home,1 Month,Unpaid,"Content Writing, Editing, SEO"
Mobile App Development,AVIPL,Not hiring,Work from home,3 Months,"1,000","Android, Kotlin, Java"
3D Visualizer,Design2reality,Not hiring,Jaipur,6 Months," 10,000-15,000 ","Communication, Teamwork"
Law/Legal,Expertwings Professional Services,Not hiring,Ranchi,2 Months,Unpaid,"Communication, Teamwork"
Financial Analyst,Zean Lithos And Company Private Limited,Actively hiring,Work from home,2 Months,"10,000","Communication, Teamwork"
Law/Legal,Amar  Saini,Not hiring,Delhi,4 Months,Unpaid,"Communication, Teamwork"
Customer Service/Customer Support,PixalSoft,Not hiring,Work from home,3 Months,"10,000","Communication, Teamwork"
Field Sales,Neeraj Rahi,Not hiring,Work from home,6 Months,"10,000","Sales, Negotiation, CRM"
CAD Design,Morecare Mobility,Not hiring,Jaipur,3 Months,"12,000","Graphic Design, Photoshop, Illustrator"
Digital Marketing,Filmymantra,Not hiring,Mumbai,6 Months,"5,000","SEO, Google Ads, Social Media Marketing"
Footwear Designer,VirtualCMO Marketing Private Limited,Not hiring,Work from home,1 Month,"1,000","Graphic Design, Photoshop, Illustrator"
Educational Consultant,Moople Academy Private Limited,Not hiring,Kolkata,6 Months,"7,500","Consulting, Analysis, Presentation"
Video Editing/Making,Inva Production,Not hiring,Work from home,2 Months,"20,000","Video Editing, Premiere Pro, After Effects"
Video Editing/Making,Encovate,Not hiring,Bangalore,3 Months,"10,000","Video Editing, Premiere Pro, After Effects"
Content Writing,Goa Prism Digital Media,Not hiring,Work from home,6 Months," 3,000  +  Incentives","Content Writing, Editing, SEO"
Digital Marketing,Sell Old,Not hiring,Mumbai                                                            (Hybrid),6 Months," 6,000-10,000 ","SEO, Google Ads, Social Media Marketing"
Social Media Marketing,Elev8Now,Not hiring,Work from home,6 Months," 5,000-12,000 ","Marketing Strategy, Communication, Market Research"
Video Editing/Making,Vogozo,Not hiring,Work from home,2 Months,"3,000","Video Editing, Premiere Pro, After Effects"
Sales,MBA And Beyond,Not hiring,Work from home,3 Months,"10,000","Sales, Negotiation, CRM"
Human Resources (HR),MakeMyTrip,Not hiring,Gurgaon,3 Months,"10,000","Recruitment, HR Management, Communication"
Business Development (Sales),PAXMORE Realty,Not hiring,Pune                                                            (Hybrid),6 Months," 4,000  +  Incentives","Sales, Negotiation, Business Strategy"
Media & Public Relations (PR),RK Ki Duniya,Not hiring,Mumbai,5 Months," 5,000-15,000 ","Communication, Teamwork"
Video Editing/Making,BuzzOnEarth,Not hiring,Work from home,3 Months," 5,000-7,000 ","Video Editing, Premiere Pro, After Effects"
Industrial And Production Engineering,Geomarine Biotechnologies Private Limited,Not hiring,"Chennai, Tiruvallur, Vellore, Chengalpattu, Kanchipuram, Arakkonam",2 Months," 3,000  +  Incentives","Communication, Teamwork"
Digital Marketing,Devtaa Group,Not hiring,Panvel                                                            (Hybrid),3 Months," 8,000  +  Incentives","SEO, Google Ads, Social Media Marketing"
Content & E-Commerce Management,Luvcart Online LLP,Not hiring,"Kolkata, Barasat",3 Months,"8,000","Content Writing, Editing, SEO"
Web Development,HTL Infotech Private Limited,Not hiring,Noida,6 Months," 3,000-6,000 ","HTML,css,react,node,mongoDB"
Sales Support,Jungheinrich Lift Truck India Private Limited,Not hiring,Mumbai,6 Months,"15,000","Sales, Negotiation, CRM"
Digital Marketing,Yuv Coaching - Enrich Lives Foundation,Not hiring,Mumbai                                                            (Hybrid),1 Month,"1,000","SEO, Google Ads, Social Media Marketing"
Esop,Veritas Actuaries And Consultants,Not hiring,Gurgaon,6 Months,"10,000","Communication, Teamwork"
Influencer Marketing,Buzzoka - Influencer Marketing 2.0,Not hiring,Work from home,1 Month,"5,000","Marketing Strategy, Communication, Market Research"
Product Design,SaffronAI Wealth,Not hiring,Work from home,2 Months," 10,000-15,000 ","Graphic Design, Photoshop, Illustrator"
Digital Marketing,Savandara Private Limited,Not hiring,Gurgaon                                                            (Hybrid),3 Months,"5,000","SEO, Google Ads, Social Media Marketing"
Social Media Marketing,GlobeGuidance,Not hiring,Mumbai                                                            (Hybrid),3 Months,"2,500","Marketing Strategy, Communication, Market Research"
Market Research,Recofy Comms,Not hiring,Bangalore                                                            (Hybrid),2 Months,"10,000","Research, Analysis, Report Writing"
Market Research,VETERINARY DIAGNOSTICS PRIVATE LIMITED,Not hiring,"Delhi, Bangalore",2 Weeks," 3,000 /week","Research, Analysis, Report Writing"
Digital Marketing,UNibeats,Not hiring,Hyderabad                                                            (Hybrid),3 Months,"2,000","SEO, Google Ads, Social Media Marketing"
Social Media Marketing,Wane Media,Not hiring,Work from home,3 Months, 250 /week +  Incentives,"Marketing Strategy, Communication, Market Research"
UX/UI Design,Designcapital,Not hiring,Work from home,6 Months," 5,000  +  Incentives","Graphic Design, Photoshop, Illustrator"
Product Design,Bytescale Studio,Not hiring,Work from home,2 Months," 20,000-35,000 ","Graphic Design, Photoshop, Illustrator"
Video Editing/Making,Create TuffMedia,Not hiring,Work from home,3 Months,"10,000","Video Editing, Premiere Pro, After Effects"
Fundraising,National Human Rights Security Bureau,Not hiring,Work from home,1 Month," 1,000 lump sum +  Incentives","Communication, Teamwork"
Digital Marketing,Webgi Solutions,Not hiring,Work from home,6 Months," 2,000-2,500 ","SEO, Google Ads, Social Media Marketing"
MCQ Coordinator,PSYCHO DIDI,Not hiring,Work from home,3 Months,"1,500","Communication, Teamwork"
UI/UX Design,Jaishil J,Not hiring,Work from home,2 Months," 6,000 lump sum +  Incentives","Figma, Wireframing, Prototyping"
Marketing,Uravu Labs,Not hiring,Bangalore,6 Months,"20,000","Marketing Strategy, Communication, Market Research"
Full Stack Development,Hue Logics,Not hiring,Pune,6 Months," 3,500-8,000 ","React,Node,Express,Next,SQL"
Social Media Marketing,Hot Fuego India Pvt. Ltd.,Not hiring,Pune,3 Months,"10,000","Marketing Strategy, Communication, Market Research"
Management trainee,Steaming Foodworks Pvt Ltd,Not hiring,Delhi,2 Months,"15,000","Communication, Teamwork"
Business Strategy,BASIL,Not hiring,Gurgaon,3 Months,"20,000","Sales, Negotiation, Business Strategy"
Social Media,Khenshu,Not hiring,Bangalore,6 Months,"10,000","Social Media, Content Creation, Analytics"
Psychology,Lolo,Not hiring,Work from home,2 Months," 5,000  +  Incentives","Communication, Teamwork"
Business Development (Sales),Altius,Not hiring,Bangalore,4 Months," 10,000  +  Incentives","Sales, Negotiation, Business Strategy"
Graphic Design,BOXIFIED Enterprises,Not hiring,Work from home,2 Months," 4,000-6,000 ","Graphic Design, Photoshop, Illustrator"
Content Writing,Namrata Maidkar,Not hiring,Work from home,6 Months,"1,000","Content Writing, Editing, SEO"
Video Editing/Making,Kuvera,Not hiring,Bangalore,6 Months,"10,000","Video Editing, Premiere Pro, After Effects"
Client Servicing,JucyGifts,Not hiring,Mumbai,6 Months,"10,000","Communication, Teamwork"
Game Master & Social Media Management,Now Boarding,Not hiring,Bangalore,3 Months," 10,000-12,500 ","Social Media, Content Creation, Analytic"
Product Management,Pediaverse Learning Private Limited,Not hiring,Work from home,2 Months," 1,000  +  Incentives","Communication, Teamwork"
Receptionist,Ayursoul Healthcare,Not hiring,Noida,4 Months," 5,000-10,000 ","Communication, Teamwork"
Python Development,Grozoom Ventures Technology Private Limited,Not hiring,Work from home,1 Month,"20,000","Python,Django,SQL"
Marketing,The Job Shop,Not hiring,Mumbai,6 Months,"8,000","Marketing Strategy, Communication, Market Research"
Social Media Marketing,Ivanooo,Not hiring,Work from home,6 Months,"5,000","Marketing Strategy, Communication, Market Research"
Graphic Design,A P Enterprise,Not hiring,Work from home,6 Months," 5,000  +  Incentives","Graphic Design, Photoshop, Illustrator"
Search Engine Optimization (SEO),AMK Global Group,Not hiring,Work from home,6 Months,"10,000","SEO, Google Analytics, Keyword Research"
Project/Sales Coordinator,Reface Soft Solutions,Not hiring,Work from home,3 Months," 6,000  +  Incentives","Sales, Negotiation, CRM"
Accounting & Taxation,Dhanam.co,Not hiring,Mumbai,6 Months," 10,000  +  Incentives","Accounting, Tally, Excel"
Digital Marketing,M/S ZOMSA TOURISM PRIVATE LIMITED,Not hiring,Work from home,4 Months," 6,000  +  Incentives","SEO, Google Ads, Social Media Marketing"
Search Engine Optimization (SEO),Dr.Rashel,Not hiring,"Mumbai, South Mumbai",3 Months,"6,500","SEO, Google Analytics, Keyword Research"
Content Writing,Bizbefikar Consultancy,Not hiring,Work from home,3 Months,"4,000","Content Writing, Editing, SEO"
Equity Analyst,Equisights,Not hiring,"Delhi, Mumbai",6 Months," 2,000  +  Incentives","Communication, Teamwork"
Videography,Hands Off Solutions,Not hiring,"Delhi, Gurgaon, Noida",6 Months," 10,000-15,000 ","Video Editing, Premiere Pro, After Effects"
Human Resources (HR),Tipping Mr. Pink Private Limited,Not hiring,"Delhi, Gurgaon",6 Months,"10,000","Recruitment, HR Management, Communication"
Data Entry,Scholarshipskey,Not hiring,Surat,1 Month,"3,000","Excel,python,SQL"
Graphic Design,Ukti,Not hiring,Delhi,3 Months,"5,000","Graphic Design, Photoshop, Illustrator"
Social Media Marketing,Aayat Jewels India,Not hiring,Work from home,3 Months,"5,000","Marketing Strategy, Communication, Market Research"
Fundraising,SarvAnn Shiksha Foundation,Not hiring,Work from home,2 Months,Unpaid,"Communication, Teamwork"
Human Resources (HR),XS Associates,Not hiring,Jaipur,3 Months," 2,000-5,000 ","Recruitment, HR Management, Communication"
Content Writing,Simit Bhagat Studios,Actively hiring,Work from home,3 Months,"5,000","Content Writing, Editing, SEO"
Human Resources (HR),EasyEat India AI Foods Private Limited,Not hiring,Gurgaon,6 Months," 15,000-18,000 ","Recruitment, HR Management, Communication"
Customer Service/Customer Support,Star Agribazaar Technology Pvt Ltd,Not hiring,Noida,2 Months,"10,000","Communication, Teamwork"
Market Research,Market Reach LLP,Not hiring,Work from home,2 Months," 2,000 lump sum","Research, Analysis, Report Writing"
Content Writing,Jideb Timsina,Not hiring,Work from home,6 Months,"5,500","Content Writing, Editing, SEO"
Associate Parenting Coach (Child Psychology),BabyCloud,Not hiring,Work from home,2 Months,"4,000","Communication, Teamwork"
Technical Sales Executive,Cloud Mosaic Technologies Pvt Ltd,Not hiring,Ghaziabad,3 Months,"9,000","Sales, Negotiation, CRM"
Customer Service/Customer Support,Cornerstone,Not hiring,Pune,6 Months,"28,000","Communication, Teamwork"
Photography,Simrans Collection,Not hiring,Bangalore                                                            (Hybrid),6 Months,"8,000","photography,lightroom,photoshop,image editing"
Digital Marketing,Brands Jar,Not hiring,Pune,3 Months,"10,000","SEO, Google Ads, Social Media Marketing"
Graphic Design,RAJESH KUMAR,Not hiring,Work from home,1 Month," 5,000 lump sum +  Incentives","Graphic Design, Photoshop, Illustrator"
Business Development (Sales),Wenger & Watson Incorporation,Not hiring,Pune,3 Months,"10,000","Sales, Negotiation, Business Strategy"
Copywriting,BC WEB WISE Private Limited,Not hiring,Mumbai,3 Months,"10,000","Communication, Teamwork"
Social Media Marketing,Holidaycise,Not hiring,Work from home,3 Months,"1,000","Marketing Strategy, Communication, Market Research"
Backend Development,Namekart,Actively hiring,Work from home,3 Months," 10,000-20,000 ","Communication, Teamwork"
Front End Development,Namekart,Actively hiring,Work from home,3 Months," 10,000-20,000 ","Communication, Teamwork"
UI/UX Design,Namekart,Actively hiring,Work from home,3 Months,"10,000","Figma, Wireframing, Prototyping"
Human Resources (HR),Yewale Amruttulya Private Limited,Not hiring,Pune,3 Months,"6,000","Recruitment, HR Management, Communication"
Graphic Design,GoBo Labs LLP,Not hiring,Mumbai,6 Months,"15,000","Graphic Design, Photoshop, Illustrator"
Sales,Moonwyre Software Private Limited,Not hiring,Work from home,1 Month," 5,000  +  Incentives","Sales, Negotiation, CRM"
Digital Marketing,Onlydigitalway,Not hiring,Delhi,6 Months," 7,000-15,000 ","SEO, Google Ads, Social Media Marketing"
Manual Testing,Request IT Support,Actively hiring,Work from home,6 Months,"15,000","jira,zephyr,excel"
Backend Development,Request IT Support,Actively hiring,Work from home,6 Months,"18,000","Communication, Teamwork"
Telecalling,Legal Minions Advisory Services Private Limited,Not hiring,Delhi,3 Months," 10,000-12,000 ","Communication, Sales, Customer Handling"
Digital Marketing,Mogi I/O,Not hiring,South,3 Months,"10,000","SEO, Google Ads, Social Media Marketing"
Human Resources (HR),Rail Bikash Manch (NGO),Not hiring,Work from home,2 Months,Unpaid,"Recruitment, HR Management, Communication"
Angular.js Development,Request IT Support,Actively hiring,Work from home,6 Months,"15,000","Communication, Teamwork"
Cyber Security,W3 Web School,Not hiring,Kolkata                                                            (Hybrid),3 Months,"3,000","Cyber Security, Networking, Ethical Hacking"
SQL DEVELOPER,Request IT Support,Actively hiring,Work from home,6 Months,"18,000","SQL,Python"
Sales & Marketing,Cranberry Overseas Education Consultancy,Not hiring,Mumbai                                                            (Hybrid),3 Months," 5,000  +  Incentives","Sales, Negotiation, CRM"
Operations,OfBusiness (OFB Tech Private Limited),Not hiring,Gurgaon,6 Months,"16,000","Operations Management, Coordination, MS Excel"
Event Management,WOOT Factor Events Private Limited,Not hiring,"Navi Mumbai, Mumbai",5 Months,"5,000","Communication, Teamwork"
Marketing,Giottus Technologies Private Limited,Not hiring,Work from home,1 Month,"5,000","Marketing Strategy, Communication, Market Research"
Human Resources (HR),WalkingTree,Not hiring,Delhi,6 Months,"5,000","Recruitment, HR Management, Communication"
International Business Development,Thynk Google Media,Not hiring,Noida,6 Months," 10,000-15,000 ","Sales, Negotiation, Business Strategy"
Operations,Sanctity YTT,Not hiring,Gurgaon,2 Months,"10,000","Operations Management, Coordination, MS Excel"
Web Development,AJ Talent Acquisition,Not hiring,Bangalore,6 Months," 10,000-15,000 ","HTML,css,react,node,mongoDB"
Telecalling,K And K Digisolutions,Not hiring,Mumbai,1 Month,"5,000","Communication, Sales, Customer Handling"
Media & Public Relations (PR),FinnAcer Technologies LLP (ValueXPA),Not hiring,Work from home,3 Months,"8,000","Communication, Teamwork, negotiation"
Business Development (Sales),The OmniJobs,Not hiring,Work from home,2 Months," 5,000  +  Incentives","Sales, Negotiation, Business Strategy"
Digital Marketing,GKS Enterprises,Not hiring,Work from home,2 Months,"5,000","SEO, Google Ads, Social Media Marketing"
Market Research,Hansa Research Group Private Limited,Not hiring,Mumbai,6 Months,"6,000","Research, Analysis, Report Writing"
Human Resources (HR),Valuedrive Technologies Private Limited (Spinny),Not hiring,Gurgaon,3 Months,"15,000","Recruitment, HR Management, Communication"
SAP BI (Business Intelligence) & Analytics,Collective Artists Network,Not hiring,Mumbai,3 Months,"10,000","Sales, Negotiation, Business Strategy"
SEO Intern,CoinCRED,Not hiring,Noida,3 Months," 5,000-8,000 ","SEO, Google Analytics, Keyword Research"
Accounting & Tally,Polygon Station/Elements,Not hiring,Mumbai,6 Months," 8,000-12,000 ","Accounting, Tally, Excel"
Community Management,CoinCRED,Not hiring,Noida,3 Months," 5,000-8,000 ","Community Building, Communication, Public Relations"
Influencer Marketing,PlayShifu,Not hiring,Bangalore,6 Months,"10,000","Marketing Strategy, Communication, Market Research"
Social Media Marketing,Quirky Connections Private Limited,Not hiring,Work from home,1 Month,"1,000","Marketing Strategy, Communication, Market Research"
Content & E-Commerce Management,Markhind Ecom LLP,Not hiring,Delhi                                                            (Hybrid),3 Months," 3,000-6,000 ","Content Writing, Editing, SEO"
Mobile App Development,CENTERNET PRIVATE LIMITED,Not hiring,Work from home,3 Months," 5,000  +  Incentives","Android, Kotlin, Java"
Marketing,Abhi Impact Logistics Solutions Pvt Ltd,Not hiring,Pune,3 Months,"5,000","Marketing Strategy, Communication, Market Research"
Telecalling,Pratham Education Foundation,Not hiring,Delhi,6 Months," 2,500 /week","Communication, Sales, Customer Handling"
Graphic Design,Rasheed Foundation,Not hiring,Work from home,6 Months," 2,000 /week +  Incentives","Graphic Design, Photoshop, Illustrator"
Business Development (Sales),Academy Xcel,Not hiring,Work from home,6 Months," 1,000  +  Incentives","Sales, Negotiation, Business Strategy"
Business Development (Sales),InternsUp,Not hiring,Bangalore,4 Months,"15,000","Sales, Negotiation, Business Strategy"
Architecture,Two Square Feet,Not hiring,Work from home,3 Months," 3,000-4,000 ","AutoCAD, Architecture Design, 3D Modeling"
Content Writing,Mahek Battilu,Not hiring,Work from home,3 Months," 1,000  +  Incentives","Content Writing, Editing, SEO"
Video Editor For E-Commerce Products,Shyam Sac,Actively hiring,Work from home,6 Months,"7,500","Video Editing, Premiere Pro, After Effects"
Digital Marketing,Congruence Holdings Private Limited,Not hiring,Chennai,3 Months," 5,000-8,000 ","SEO, Google Ads, Social Media Marketing"
Business Development (Sales),MoolyaED Private Limited,Not hiring,Bangalore,3 Months,"15,000","Sales, Negotiation, Business Strategy"
Recruitment,Creencia Technologies Private Limited,Not hiring,Bangalore,3 Months,"10,000","Communication, Teamwork"
International Business Development,KJ GLOBAL FOODS(KJ EXICCON),Not hiring,Indore                                                            (Hybrid),2 Months,"4,000","Sales, Negotiation, Business Strategy"
Video Editing/Making,Her Healthcare,Not hiring,Work from home,3 Months,"8,000","Video Editing, Premiere Pro, After Effects"
Marketing,Voxomos,Not hiring,Noida                                                            (Hybrid),2 Months," 13,000-15,000 ","Marketing Strategy, Communication, Market Research"
Business Development (Sales),VKAPS IT Solution Private Limited,Not hiring,Indore,3 Months,"2,000","Sales, Negotiation, Business Strategy"
Sales Consultant,System Aircon,Not hiring,"Delhi, Sonepat                                                            (Hybrid)",3 Months," 12,000-12,001 ","Sales, Negotiation, CRM"
Business Consultant,The OmniJobs,Not hiring,Work from home,2 Months," 5,000  +  Incentives","Sales, Negotiation, Business Strategy"
Human Resources (HR),Amba Laminates Private Limited,Not hiring,Noida,6 Months,"12,000","Recruitment, HR Management, Communication"
Recruitment Consultant,Creencia Technologies Private Limited,Not hiring,Bangalore,3 Months,"10,000","Consulting, Analysis, Presentation"
Business Associate,Popo Ventures,Not hiring,Bangalore,6 Months,"10,000","Sales, Negotiation, Business Strategy"
Full Stack Development,NOEL Coder's Academy,Not hiring,Noida,3 Months,"5,000","React,Node,Express,Next,SQL"
Immigration Sales Consultant,VJC Overseas,Not hiring,Bangalore,3 Months," 10,000-15,000 ","Sales, Negotiation, CRM"
Videography,Kuvera,Not hiring,Bangalore,6 Months,"10,000","Video Editing, Premiere Pro, After Effects"
Digital Marketing,Ideastack Solutions Private Limited,Not hiring,Mumbai,6 Months,"7,000","SEO, Google Ads, Social Media Marketing"
Video Editing/Making,RAKSHITHA RAVI,Not hiring,Bangalore                                                            (Hybrid),2 Months,"6,000","Video Editing, Premiere Pro, After Effects"
Human Resources (HR),Life Science Education Trust (LSeT),Not hiring,Work from home,6 Months,"2,000","Recruitment, HR Management, Communication"
Quality Analyst,Socommerz Technologies Private Limited,Not hiring,Gurgaon,6 Months,"10,000","selenium,jira,appium"
Human Resources (HR),Simtrak,Not hiring,Work from home,6 Months,"2,000","Recruitment, HR Management, Communication"
Business Management And Administration,Kraft Education,Not hiring,Mumbai,6 Months," 8,000-10,000 ","Sales, Negotiation, Business Strategy"
Digital Marketing,UREV PRIVATE LIMITED,Not hiring,Pune,6 Months," 3,000-7,000 ","SEO, Google Ads, Social Media Marketing"
Social Media Marketing,Cafeteria Food Brands,Not hiring,Mumbai                                                            (Hybrid),3 Months,"10,000","Marketing Strategy, Communication, Market Research"
Finance,Smartifai,Not hiring,Bangalore                                                            (Hybrid),3 Months,"15,000","Excel, Financial Analysis, Accounting"
Operations,Analystt.ai,Actively hiring,Work from home,3 Months,"3,000","Operations Management, Coordination, MS Excel"
Android App Development,Janitri Innovations Private Limited,Actively hiring,Bangalore,6 Months,"15,000","App Development, Flutter, React Native"
Human Resources (HR),Jet Digital Infotech,Not hiring,Work from home,3 Months,"1,000","Recruitment, HR Management, Communication"
Digital Marketing,Aromatree,Not hiring,Gurgaon,3 Months,"10,000","SEO, Google Ads, Social Media Marketing"
Content Writing,TVL Media,Not hiring,Noida,6 Months,"10,000","Content Writing, Editing, SEO"
Full Stack Development,The Learn Cloud,Actively hiring,Work from home,6 Months,"5,000","React,Node,Express,Next,SQL"
HR Associate,Novaders LLP,Not hiring,Bangalore,2 Months,"10,000","Recruitment, HR Management, Communication"
Marketing,Lunacal,Actively hiring,Work from home,2 Months," 13,000-20,000 ","Marketing Strategy, Communication, Market Research"
Software Testing,The Learn Cloud,Actively hiring,Work from home,6 Months,"6,000","Jenkins,Agile,Scrum"
Social Media Marketing,Shen Pandi,Actively hiring,Work from home,3 Months,"10,000","Marketing Strategy, Communication, Market Research"
Digital Marketing,Eduminatti,Actively hiring,Work from home,2 Months,"8,000","SEO, Google Ads, Social Media Marketing"
Content Writing,Silversky Builders,Not hiring,Work from home,6 Months,"5,000","Content Writing, Editing, SEO"
Lead Generation,Resolute AI Software Private Limited,Actively hiring,Work from home,3 Months,"10,000","Communication, Teamwork"
Dietetics/Nutrition,InfocusRx Marketing And Communications Private Limited,Not hiring,Hyderabad,6 Months," 10,000-15,000 ","Communication, Teamwork"
Sales,Sunbliss Solar And Consultancy,Not hiring,Pune,6 Months," 5,000-7,000 ","Sales, Negotiation, CRM"
Content Writing,10xTimes,Not hiring,Work from home,6 Months," 4,000  +  Incentives","Content Writing, Editing, SEO"
Business Development (Sales),GLINT INDIA TECHNOLOGIES PRIVATE LIMITED,Not hiring,Delhi,3 Months,"20,000","Sales, Negotiation, Business Strategy"
Digital Marketing,COM CARE ENTERPRISES,Not hiring,Work from home,2 Months,"3,000","SEO, Google Ads, Social Media Marketing"
Operations,Eduminatti,Actively hiring,Work from home,2 Months,"12,000","Operations Management, Coordination, MS Excel"
Human Resources (HR),Eduminatti,Actively hiring,Work from home,2 Months,"12,000","Recruitment, HR Management, Communication"
Content Writing,Eduminatti,Actively hiring,Work from home,2 Months,"12,000","Content Writing, Editing, SEO"
UI/UX Design,Eduminatti,Actively hiring,Work from home,2 Months,"10,000","Figma, Wireframing, Prototyping"
Graphic Design,Eduminatti,Actively hiring,Work from home,2 Months,"8,000","Graphic Design, Photoshop, Illustrator"
Video Editing/Making,Eduminatti,Actively hiring,Work from home,2 Months,"12,000","Video Editing, Premiere Pro, After Effects"
Social Media Marketing,Eduminatti,Actively hiring,Work from home,2 Months,"10,000","Marketing Strategy, Communication, Market Research"
Web Development,Eduminatti,Actively hiring,Work from home,2 Months,"12,000","HTML,css,react,node,mongoDB"
Content Writing,Astro Pathshala,Not hiring,Gurgaon,2 Months,"10,000","Content Writing, Editing, SEO"
Graphic Design,Md Ehtesham,Not hiring,Work from home,3 Months,"5,000","Graphic Design, Photoshop, Illustrator"
Fundraising,STANDARD SUNRISE FOUNDATION,Not hiring,Delhi,3 Months," 5,000-10,000 ","Communication, Teamwork"
Business Development (Sales),She Can Foundation,Actively hiring,Work from home,1 Month,20% of Total Funds Raised,"Sales, Negotiation, Business Strategy"
Frontend Developer,C4Scale,Not hiring,Chennai                                                            (Hybrid),3 Months," 4,000-5,000 ","Communication, Teamwork"
Operations,Innovooks Learning Solution,Not hiring,Work from home,3 Months,"5,000","Operations Management, Coordination, MS Excel"
Content Writing,Vereigen Media,Not hiring,Pune                                                            (Hybrid),6 Months," 5,000-10,000 ","Content Writing, Editing, SEO"
Data Entry,Groweon Digital Pvt Ltd,Not hiring,Bangalore,3 Months,"12,000","Excel,python,SQL"
"Backend Development - Rust, Actix, Web Sockets, Postgresql",Mobiclay Technology (OPC) Pvt. Ltd.,Not hiring,Work from home,6 Months," 12,000-15,000 ","Node,Express,mongoDB"
Social Media Marketing,ScaleSauce,Not hiring,Mumbai,3 Months," 10,000-12,500 ","Marketing Strategy, Communication, Market Research"
Junior Interior Designer,RS HOMES,Not hiring,"Delhi, Pitampura",6 Months," 10,000  +  Incentives","Graphic Design, Photoshop, Illustrator"
Frontend Web Developer,Marwari Catalysts,Actively hiring,Work from home,2 Months," 2,000-5,000 ","HTML,css, react,figma"
Graphic Design,EVOLUTION OVERSEAS PRIVATE LIMITED,Not hiring,Delhi,3 Months," 5,000  +  Incentives","Graphic Design, Photoshop, Illustrator"
Content Writing,Law Digest By Ayushi,Not hiring,Work from home,3 Months,"2,500","Content Writing, Editing, SEO"
Digital Marketing,Elan Digital,Not hiring,Work from home,3 Months," 2,000  +  Incentives","SEO, Google Ads, Social Media Marketing"
Social Media Marketing,Sourav Jain,Not hiring,Bangalore                                                            (Hybrid),3 Months," 5,000-10,000 ","Marketing Strategy, Communication, Market Research"
Front Desk Executive,Turn A Page,Not hiring,Navi Mumbai,6 Months," 7,000-10,000 ","Communication, Teamwork"
Legal Research,MednLaw,Not hiring,Delhi,6 Weeks,"12,000","Research, Analysis, Report Writing"
DevOps,Bestriptech Solutions Private Limited,Not hiring,Work from home,6 Months," 2,000-6,000 ","Communication, Teamwork"
Operations,Neelaveni Raghavan,Not hiring,Work from home,3 Months,"5,000","Operations Management, Coordination, MS Excel"
Digital Marketing,DigiHardik,Not hiring,Work from home,2 Months,"5,000","SEO, Google Ads, Social Media Marketing"
Digital Marketing,Travel Mixture,Not hiring,Work from home,6 Months," 5,000-15,000 ","SEO, Google Ads, Social Media Marketing"
React/Node.js Web/UI Developer,Dendrite.ai,Actively hiring,Work from home,6 Months," 5,000-15,000 ","React,javaScript,Figma,css/html,node"
Data Entry,GoQuest Media Ventures Private Limited,Not hiring,Mumbai,2 Months,"10,000","Excel,python,SQL"
Social Media Marketing,Eco Clothing India,Not hiring,Faridabad,3 Months,"5,000","Marketing Strategy, Communication, Market Research"
Accounting & Taxation,J B Kadge And Co Chartered Accountant,Not hiring,Mumbai                                                            (Hybrid),6 Months,"6,000","Accounting, Tally, Excel"
Digital Marketing,Jhoomri Collection,Not hiring,"Faridabad, Delhi, Ghaziabad, Gurgaon, Bangalore, Mumbai                                                            (Hybrid)",3 Months,"8,000","SEO, Google Ads, Social Media Marketing"
Tally Accountant,AIR HR Solutions,Actively hiring,Mumbai,6 Months,"8,000","Communication, Teamwork"
Flutter Development,Systemic Altruism,Actively hiring,Work from home,4 Months,"13,000","Communication, Teamwork"
Marketing,HJ International Exim Clearing Agency,Not hiring,Navi Mumbai,6 Months," 10,000  +  Incentives","Marketing Strategy, Communication, Market Research"
Sales,AIR HR Solutions,Actively hiring,Mumbai,6 Months,"8,000","Sales, Negotiation, CRM"
Digital Marketing,Niedivine Creations,Not hiring,Mumbai                                                            (Hybrid),4 Months,"7,000","SEO, Google Ads, Social Media Marketing"
Graphic Design,E Learning Solutions,Not hiring,Hyderabad,2 Months,"8,000","Graphic Design, Photoshop, Illustrator"
Social Media Marketing,Congruence Holdings,Not hiring,Chennai,6 Months," 6,000-8,000 ","Marketing Strategy, Communication, Market Research"
Field Sales,Bharati Bhawan Publishers And Distributors,Not hiring,Work from home,6 Months,"15,000","Sales, Negotiation, CRM"
Game Development,THAT'S AWESOME! STUDIO,Not hiring,Hyderabad                                                            (Hybrid),6 Months,"5,000","C,unity,blender"
Management trainee,MUKTI,Not hiring,Kolkata,6 Months,"12,000","Communication, Teamwork"
Data Analytics,Palk Street,Actively hiring,Work from home,6 Months,"2,000","Python, SQL, Data Analysis"
Graphic Design,Hcube Wowcarz Private Limited,Not hiring,Bangalore,3 Months," 10,000-15,000 ","Graphic Design, Photoshop, Illustrator"
Field Sales,Rentclothingo,Not hiring,Ghaziabad,3 Months," 10,000-15,000 ","Sales, Negotiation, CRM"
Data Entry,Domainame,Not hiring,Noida,3 Months,"10,000","Excel,python,SQL"
Event Management,Classique Events,Not hiring,"Delhi, Gurgaon, Greater Noida, Noida",6 Months," 8,000-10,000 ","Communication, Teamwork"
Telecalling,Entrepot Training Institute Private Limited,Not hiring,Mumbai,3 Months," 10,000-12,000 ","Communication, Sales, Customer Handling"
Backend Development,Yosha Foodtech Private Limited,Not hiring,Mumbai,6 Months,"10,000","Communication, Teamwork"
Video Editing/Making,Engaze,Actively hiring,Work from home,3 Months," 5,000  +  Incentives","Video Editing, Premiere Pro, After Effects"
Creative Design,Lesgo Global Private Limited,Not hiring,Work from home,2 Months,"5,000","Graphic Design, Photoshop, Illustrator"
Law/Legal,HITYARTHI CLAIM ADVISORY LLP,Not hiring,Mumbai                                                            (Hybrid),6 Months," 5,000  +  Incentives","Communication, Teamwork"
Corporate Sales,The OmniJobs,Not hiring,Work from home,2 Months," 5,000  +  Incentives","Sales, Negotiation, CRM"
Logo & Branding Designer,Creatiwise,Actively hiring,Work from home,6 Months," 15,000-20,000 ","Marketing Strategy, Branding, Communication"
Graphic Design,Creatiwise,Actively hiring,Work from home,6 Months," 15,000-20,000 ","Graphic Design, Photoshop, Illustrator"
Telecalling,Telesure,Not hiring,Jaipur,3 Months," 8,000  +  Incentives","Communication, Sales, Customer Handling"
Online Hindi Faculty For School Kids.,Vikalp India Private Limited,Actively hiring,Work from home,6 Months," 5,000-8,000 ","Communication, Teamwork"
Project Management,Fyn Mobility,Not hiring,Bangalore,3 Months,"10,000","Project Management, MS Project, Leadership"
Full Stack Development,KANRIS Infotech Private Limited,Not hiring,Dombivli,6 Months," 5,000-10,000 ","React,Node,Express,Next,SQL"
.NET Development,AdroApex Multi Services,Not hiring,Work from home,2 Months," 2,000 lump sum +  Incentives","C#,ASP.NET,SQL"
Digital Marketing,Perseverance Enterprise,Not hiring,Work from home,3 Months,"2,000","SEO, Google Ads, Social Media Marketing"
Marketing,The Spark Exhibition,Not hiring,Work from home,3 Months," 2,000  +  Incentives","Marketing Strategy, Communication, Market Research"
Digital Marketing,Space Life Store,Not hiring,Work from home,4 Months,"11,000","SEO, Google Ads, Social Media Marketing"
UI/UX Design,Idea Usher,Actively hiring,Work from home,6 Months," 8,000-12,000 ","Figma, Wireframing, Prototyping"
Video Editing/Making,The Yellow Strawberry,Not hiring,Navi Mumbai,6 Months," 7,000-10,000 ","Video Editing, Premiere Pro, After Effects"
Business Development (Sales),Cube Consultancy Services,Not hiring,Work from home,3 Months," 3,000  +  Incentives","Sales, Negotiation, Business Strategy"
Social Media Marketing,Astrosia,Not hiring,Work from home,3 Months," 1,000  +  Incentives","Marketing Strategy, Communication, Market Research"
E-Commerce Management,OPTIMUS SELLERS,Not hiring,Coimbatore,3 Months,"8,000","Communication, Teamwork"
Senior Graphic Design,Digital Ipsum,Actively hiring,Work from home,6 Months,"25,000","Graphic Design, Photoshop, Illustrator"
Advertising Poster,Dhruvaashi Software & Technology (OPC) Private Limited,Actively hiring,Work from home,1 Month,"3,000","Communication, Teamwork"
Search Engine Optimization (SEO),Tripocio Carnival Pvt Ltd,Not hiring,Indore,3 Months,"3,000","SEO, Google Analytics, Keyword Research"
Creative Design,Insure Pro 2.0,Not hiring,Work from home,3 Months,"10,000","Graphic Design, Photoshop, Illustrator"
Social Media Marketing,WinX Services,Not hiring,Work from home,6 Months," 1,000  +  Incentives","Marketing Strategy, Communication, Market Research"
Social Media Marketing,Sole Weavers,Not hiring,"Thane, Mumbai",3 Months,"10,000","Marketing Strategy, Communication, Market Research"
Content Writing,Sumcircle Technologies Private Limited,Not hiring,Mumbai,6 Months,"3,000","Content Writing, Editing, SEO"
Social Media Marketing,Tulot Tech Labs,Not hiring,Work from home,3 Months," 6,000-8,000 ","Marketing Strategy, Communication, Market Research"
Digital Marketing,RenB Digital,Not hiring,Work from home,3 Months,"5,000","SEO, Google Ads, Social Media Marketing"
Business Development (Sales),All India Media Solutions,Not hiring,Gurgaon,6 Months,"10,000","Sales, Negotiation, Business Strategy"
Digital Marketing,Keycept,Not hiring,Mumbai,6 Months," 8,000-12,000 ","SEO, Google Ads, Social Media Marketing"
Cyber Security Compliance Associate,Securis360,Not hiring,Ahmedabad,3 Months," 4,000-8,000 ","Cyber Security, Networking, Ethical Hacking"
E-Commerce Marketing,Idam Natural Wellness Private Limited,Not hiring,Gurgaon,3 Months,"15,000","Marketing Strategy, Communication, Market Research"
Sales,Indian Cyber Security Solutions,Not hiring,"Kolkata, Bangalore                                                            (Hybrid)",3 Months,"5,000","Sales, Negotiation, CRM"
Business Growth,Skooltag,Not hiring,Delhi,3 Months,"10,000","Sales, Negotiation, Business Strategy"
Business Development (Sales),The Wise Idiot,Not hiring,Mumbai                                                            (Hybrid),2 Months," 5,000-8,000 ","Sales, Negotiation, Business Strategy"
Product Marketing,Wayspire Edtech Private Limited,Actively hiring,Work from home,1 Month," 1,500-5,000 ","Marketing Strategy, Communication, Market Research"
Business Development (Sales),Accountant Bazaar,Not hiring,"Thane, Mumbai                                                            (Hybrid)",6 Months," 10,000  +  Incentives","Sales, Negotiation, Business Strategy"
Customer Service/Customer Support,Giggling Gifts,Not hiring,Work from home,6 Months,"2,000","Communication, Teamwork"
Content Writer,AstaGuru Auction House Private Limited,Not hiring,Mumbai,3 Months,"10,000","Writing, SEO, Research"
Social Media Manager,Unhooked,Not hiring,Work from home,3 Months,"1,000","Social Media, Content Creation, Analytics"
Assistant,Arpit Jain,Not hiring,Kolkata,2 Months,"5,000","Coordination, Communication, MS Office"
Telecalling,InnoThoughts,Not hiring,Pune,6 Months,"7,000","Communication, Sales, Customer Handling"
Graphic Design,NotInLine Technologies Private Limited,Not hiring,"Bangalore, Mumbai                                                            (Hybrid)",2 Months,"5,000","Graphic Design, Photoshop, Illustrator"
Software Development,Tecknotrove Systems (I) Private Limited,Not hiring,Vapi,6 Months,"15,000","Communication, Teamwork"
QA Testing,Vistaar Digital Communications Private Limited,Not hiring,Mumbai,3 Months,"8,000","Jira,selenium,Appium"
Graphic Design,Pierret India,Not hiring,Work from home,3 Months,"5,000","Graphic Design, Photoshop, Illustrator"
Backend Development,NocodeAssistant,Not hiring,Work from home,6 Months,"10,000","Communication, Teamwork"
Client Servicing,Knowledge Source Private Limited.,Not hiring,Mumbai,1 Month," 15,000  +  Incentives","Communication, Teamwork"
Operations,Couriero,Not hiring,Jaipur,3 Months,"5,000","Operations Management, Coordination, MS Excel"
Campus Ambassador,Al-connect,Not hiring,Work from home,2 Months,Performance Based,"Marketing, Networking, Event Promotion"
Business Development (Sales),NextZenAcademy,Not hiring,Work from home,3 Months," 2,000  +  Incentives","Sales, Negotiation, Business Strategy"
Content Writing,Great Learning,Actively hiring,Work from home,4 Months,"15,000","Content Writing, Editing, SEO"
Social Media Marketing,SBBR Technologies Pvt. Ltd.,Not hiring,Noida,6 Months,"7,000","Marketing Strategy, Communication, Market Research"
Search Engine Optimization (SEO),Pem Tshering Sherpa,Not hiring,Work from home,6 Months, 500 /week +  Incentives,"SEO, Google Analytics, Keyword Research"
Video Editing/Making,Ananta Chhajer,Not hiring,Work from home,1 Month," 1,000  +  Incentives","Video Editing, Premiere Pro, After Effects"
Telecalling (Calling For E-commerce Orders Confirmation),Shyam Sac,Actively hiring,Work from home,6 Months,"5,500","Communication, Sales, Customer Handling"
Business Development (Sales),Kartik Arora,Not hiring,Work from home,2 Months,"1,500","Sales, Negotiation, Business Strategy"
Digital Marketing,PULSECRAFTS SOLUTIONS PRIVATE LIMITED,Not hiring,Work from home,3 Months,"3,000","SEO, Google Ads, Social Media Marketing"
Full Stack Development,CodeInterns,Actively hiring,Work from home,1 Month,"1,000","React,Node,Express,Next,SQL"
Social Media Marketing,Digital Ipsum,Actively hiring,Work from home,6 Months,"10,000","Marketing Strategy, Communication, Market Research"
Creative Writing,Digital Ipsum,Actively hiring,Work from home,6 Months,"10,000","Communication, Teamwork"
Search Engine Optimization (SEO),Vikas Kumar,Not hiring,Faridabad                                                            (Hybrid),3 Months," 3,000-5,000 ","SEO, Google Analytics, Keyword Research"
Mobile App Development,Start10x,Not hiring,Gurgaon,2 Months,"15,000","Android, Kotlin, Java"
Video Editing/Making,Pankaj Verma,Not hiring,Work from home,1 Month,"2,000","Video Editing, Premiere Pro, After Effects"
Business Development (Sales),Perfect Architecture And Design Studio,Not hiring,"Ballari, Koppal, Raichur, Chitradurga, Kolar, Mandya, Yadgir, Udupi, Shivamogga, Gulbarga, Ramanagar, Chikmagalur, Bidar",2 Months," 15,000  +  Incentives","Sales, Negotiation, Business Strategy"
Human Resources (HR),Digital Ipsum,Actively hiring,Work from home,6 Months,"10,000","Recruitment, HR Management, Communication"
Content Writing,SurePass Technologies Private Limited,Not hiring,Delhi,6 Months,"10,000","Content Writing, Editing, SEO"
Business Development (Sales),Crossroads Helpline,Not hiring,Work from home,3 Months,"5,000","Sales, Negotiation, Business Strategy"
Field Sales,Pooja Srinivas,Not hiring,Bangalore                                                            (Hybrid),3 Months," 12,000  +  Incentives","Sales, Negotiation, CRM"
SQL DEVELOPER,CodeInterns,Actively hiring,Work from home,1 Month,"1,000","SQL,python"
Python Development,CodeInterns,Actively hiring,Work from home,1 Month,"1,000","Python,Django,SQL"
Social Media Marketing,Aagam Digitals,Not hiring,Pune,6 Months," 3,000-7,000 ","Marketing Strategy, Communication, Market Research"
Business Development (Sales),Safia Dawoos,Not hiring,Bangalore,4 Weeks," 5,000  +  Incentives","Sales, Negotiation, Business Strategy"
Social Media Marketing,Raed India,Not hiring,Work from home,1 Month,Unpaid,"Marketing Strategy, Communication, Market Research"
Product Marketing,"Lotus AI (Los Angeles, United States)",Actively hiring,Work from home,3 Months," 10,000-1,00,000 ","Marketing Strategy, Communication, Market Research"
Python/Django Developer,AppVersal,Actively hiring,Noida,3 Months,"10,000","Communication, Teamwork"
MS Excel Expert,Flying Pigeon Solutions,Actively hiring,Work from home,2 Months," 3,000-6,000 ","Communication, Teamwork"
Video Editor (YouTube Long-Videos),Candidscape,Not hiring,Work from home,3 Months,"4,000","Video Editing, Premiere Pro, After Effects"
Software Testing,Peoplebox,Actively hiring,Bangalore,3 Months,"15,000","Jenkins,Agile,Scrum"
Content Writer,AntWalk,Actively hiring,Work from home,6 Months," 10,000-15,000 ","Writing, SEO, Research"
Subject Matter Expert (Biology),Kunduz Technologies,Actively hiring,Work from home,3 Months," 5,000-6,000 ","Communication, Teamwork"
Machine Learning,CodeInterns,Actively hiring,Work from home,1 Month,"1,000","Python, Neural Networks,R"
Business Development (Sales),91Squarefeet,Not hiring,Gurgaon,3 Months,"20,000","Sales, Negotiation, Business Strategy"
Digital Marketing,Upavana Gardens Private Limited,Not hiring,Work from home,3 Months," 2,000-5,000 ","SEO, Google Ads, Social Media Marketing"
Cyber Security,CodeInterns,Actively hiring,Work from home,1 Month,"1,000","Cyber Security, Networking, Ethical Hacking"
Java Development,CodeInterns,Actively hiring,Work from home,1 Month,"1,000","springboot, JPA, Maven"
Digital Marketing,SmartHire,Not hiring,Work from home,2 Months," 3,000  +  Incentives","SEO, Google Ads, Social Media Marketing"
Social Media Marketing,Ministitch,Not hiring,Mumbai                                                            (Hybrid),3 Months," 10,000-15,000 ","Marketing Strategy, Communication, Market Research"
Asp.net Development,HappSales Private Limited,Not hiring,Work from home,3 Months," 9,000-15,000 ","Communication, Teamwork"
Project Management,SkillCase,Not hiring,Bangalore,3 Months," 7,000-10,000 ","Project Management, MS Project, Leadership"
Market Research,Ingenious ConTech Solutions Private Limited,Not hiring,Work from home,1 Month," 1,000 /week +  Incentives","Research, Analysis, Report Writing"
Chartered Accountancy (CA),Teena Jain,Not hiring,Mumbai,6 Months,"4,000","Communication, Teamwork"
Business to Consumer,Acies Consulting LLP,Not hiring,Panaji,6 Months,"20,000","Sales, Negotiation, Business Strategy"
Graphic Design,Darzata,Not hiring,Work from home,1 Month," 1,500  +  Incentives","Graphic Design, Photoshop, Illustrator"
Executive Assistant (Virtual),Woro Media,Not hiring,Work from home,6 Months,"4,000","Coordination, Communication, MS Office"
UI/UX Design,Austrax Technologies India Pvt Ltd,Not hiring,Pune,6 Months,"12,000","Figma, Wireframing, Prototyping"
Data Science,Textraja,Actively hiring,Work from home,2 Months,"6,000","Python, SQL, Data Analysis"
Data Science,CodeInterns,Actively hiring,Work from home,1 Month,"1,000","Python, SQL, Data Analysis"
Front End Development,CodeInterns,Actively hiring,Work from home,1 Month,"1,000","Communication, Teamwork"
E-Commerce Marketing,Worxstax Solutions Private Limited,Not hiring,Bangalore,6 Months," 8,000-14,000 ","Marketing Strategy, Communication, Market Research"
Project Associate,Techworth Technologies Private Limited,Not hiring,Kolkata                                                            (Hybrid),3 Months,"5,000","Project Management, MS Project, Leadership"
Business Development (Sales),Outshade Digital Media,Not hiring,"Secunderabad, Hyderabad",2 Months,"10,000","Sales, Negotiation, Business Strategy"
Human Resources (HR),Hostnetindia,Not hiring,Jaipur,6 Months,"5,000","Recruitment, HR Management, Communication"
Digital Marketing,Digics Private Limited,Not hiring,"Ghaziabad, Noida, Delhi, Ramprastha, Vasundhra, Shahadra",6 Months,"8,000","SEO, Google Ads, Social Media Marketing"
Social Media Marketing,Kay Kay Label,Not hiring,Gurgaon                                                            (Hybrid),6 Months,"5,000","Marketing Strategy, Communication, Market Research"
Accounting & Bookkeeping,First Care Medicos,Not hiring,Delhi,1 Month,"4,000","Accounting, Tally, Excel"
Search Engine Optimization (SEO),Eubrics,Not hiring,Work from home,3 Months," 6,000  +  Incentives","SEO, Google Analytics, Keyword Research"
Human Resources (HR),Syngenta Foundation India,Not hiring,Pune,6 Months," 18,000-20,000 ","Recruitment, HR Management, Communication"
Data Entry,Immabeme Solutions Private Limited,Not hiring,Noida,6 Months,"5,000","Excel,python,SQL"
Accounting & Bookkeeping,SHREEJI AND ASSOCIATES,Not hiring,Delhi                                                            (Hybrid),6 Months," 5,000  +  Incentives","Accounting, Tally, Excel"
1 Week Fundraising,She Can Foundation,Actively hiring,Work from home,1 Week,20% of Total Amount Raised,"Communication, Teamwork"
Social Entrepreneurship,She Can Foundation,Actively hiring,Work from home,1 Month,20% of Total Funds Raised,"Leadership, Innovation, Social Impact"
Business Development (Sales),s,Actively hiring,"Dehradun, Haridwar",2 Months,"8,000","Sales, Negotiation, Business Strategy"
Marketing,BROTHERS SERVICES,Not hiring,"Aurangabad, Bhilai, Dhanbad, Jabalpur, Indore, Pune, Ranchi, Solapur, Bhopal, Mumbai, Raipur, Nagpur, Nashik, Gwalior West                                                            (Hybrid)",6 Months," 12,000  +  Incentives","Marketing Strategy, Communication, Market Research"
Front End Development,Faclon,Actively hiring,Work from home,3 Months," 8,000-12,000 ","Communication, Teamwork"
Web Development,Flying Pigeon Solutions,Actively hiring,Jaipur,2 Months," 4,000-7,000 ","HTML,css,react,node,express, mongoDB"
Recruitment,Prodigy Hunters,Not hiring,Bangalore,3 Months,"3,000","Communication, Teamwork"
Content & E-Commerce Management,V M Jewellery,Not hiring,Mumbai,3 Months," 8,000-10,000 ","Content Writing, Editing, SEO"
Social Media Marketing,Veera Luxury,Not hiring,Mumbai,3 Months," 8,000-10,000 ","Marketing Strategy, Communication, Market Research"
Business Development (Sales),Hala Design,Not hiring,Work from home,6 Months," 5,000-15,000 ","Sales, Negotiation, Business Strategy"
CAD Design,Exhilar Innovative Solutions Private Limited,Not hiring,Chennai,2 Months,"10,000","Graphic Design, Photoshop, Illustrator"
Field Sales,Atrity Info Solutions Private Limited,Not hiring,Chennai,6 Months,"10,000","Sales, Negotiation, CRM"
Digital Marketing,Coherent Market Insights Private Limited,Not hiring,Pune,3 Months,"5,000","SEO, Google Ads, Social Media Marketing"
Social Media Marketing,Pixxcel,Not hiring,Jaipur,3 Months," 5,000-10,000 ","Marketing Strategy, Communication, Market Research"
Finance,Raghu Kumar,Not hiring,Bangalore,3 Months,"10,000","Excel, Financial Analysis, Accounting"
Human Resources (HR),Blue Pearl Health Tech Pvt. Ltd.,Not hiring,Pune,6 Months,"8,000","Recruitment, HR Management, Communication"
Social Media Marketing,House Of Muher,Not hiring,Work from home,6 Months,"2,000","Marketing Strategy, Communication, Market Research"
Graphic Design,Konark SolarTech Solutions,Not hiring,Pune,6 Months,"7,000","Graphic Design, Photoshop, Illustrator"
Sales,Get Structured Consulting Services OPC Private Limited,Not hiring,Mumbai,6 Months," 25,000-30,000 ","Sales, Negotiation, CRM"
Telecalling,Pro Events Academy,Not hiring,Pune,4 Months," 8,000-12,000 ","Communication, Sales, Customer Handling"
Sales,Cultfit Healthcare Private Limited,Actively hiring,Hyderabad,2 Months,"18,000","Sales, Negotiation, CRM"
Dot Net Core Developer,Asharp Infotech Private Limited,Not hiring,Delhi                                                            (Hybrid),2 Months,"5,000","Communication, Teamwork"
Video Editing/Making,Sorted Square Coworking Private Limited,Not hiring,Work from home,2 Months,"5,000","Video Editing, Premiere Pro, After Effects"
Search Engine Optimization (SEO),Techcanvass,Actively hiring,Work from home,6 Months,"10,000","SEO, Google Analytics, Keyword Research"
Video Editing/Making,Nutrabay,Not hiring,Gurgaon,6 Months,"15,000","Video Editing, Premiere Pro, After Effects"
Game Development,MentorBoxx,Actively hiring,"Amritsar, Aurangabad, Chandigarh, Delhi, Ghaziabad, Gurgaon, Patiala, Pune, Mumbai, Pimpri-Chinchwad, Noida, Raipur, Nagpur, Nashik",2 Months,"20,000","C,unity,blender"
Process Executive,Quess Corp Limited,Not hiring,Jaipur,6 Months,"9,000","Communication, Teamwork"
Data Entry,MentorBoxx,Actively hiring,Work from home,2 Months," 8,000-12,000 ","Excel,python,SQL"
Digital Marketing,MentorBoxx,Actively hiring,"Chennai, Coimbatore, Delhi, Gurgaon, Lucknow, Patna, Pune, Ranchi, Bangalore, Hyderabad, Mumbai, Varanasi, Jaipur, Noida, Andhra Tharhi",2 Months,"18,000","SEO, Google Ads, Social Media Marketing"
Business Development (Sales),MentorBoxx,Actively hiring,"Aurangabad, Chennai, Delhi, Indore, Patna, Pune, Ahmednagar, Bangalore, Hyderabad, Bhopal, Mumbai, Noida, Nashik, Gwalior West, Andhra Pradesh",2 Months," 15,000-20,000 ","Sales, Negotiation, Business Strategy"
Human Resources (HR),MentorBoxx,Actively hiring,Work from home,2 Months,"18,000","Recruitment, HR Management, Communication"
Social Media Marketing,MentorBoxx,Actively hiring,"Faridabad, Delhi, Ghaziabad, Guwahati, Gurgaon, Kolkata, Lucknow, Siliguri, Shimla, Darjeeling, Bangalore, Kochi, Noida, Prayagraj, Sikkim",2 Months,"15,000","Marketing Strategy, Communication, Market Research"
Marketing,MentorBoxx,Actively hiring,"Aurangabad, Chennai, Guwahati, Indore, Kolkata, Pune, Siliguri, Shimla, Bangalore, Hyderabad, Bhopal, Mumbai, Raipur, Nagpur, Nashik",2 Months,"20,000","Marketing Strategy, Communication, Market Research"
Data Science,MentorBoxx,Actively hiring,Work from home,1 Month,"18,000","Python, SQL, Data Analysis"
Business Analytics,MentorBoxx,Actively hiring,"Ahmedabad, Chandigarh, Chennai, Delhi, Gurgaon, Indore, Kolkata, Pune, Bangalore, Hyderabad, Bhopal, Mumbai, Jaipur, Noida, Bhopalgarh",1 Month,"18,000","Sales, Negotiation, Business Strategy"
Graphic Design,MentorBoxx,Actively hiring,"Ahmedabad, Akola, Aurangabad, Pune, Amravati, Ahmednagar, Mumbai, Pimpri-Chinchwad, Baramati, Nagpur, Nashik",2 Months,"15,000","Graphic Design, Photoshop, Illustrator"
Social Media Outreach,HomeAbroad Inc.,Not hiring,Work from home,3 Months,"8,000","Social Media, Content Creation, Analytics"
Photography And Videography,Huddle Media,Not hiring,Mumbai,6 Months,"5,000","Video Editing, Premiere Pro, After Effects"
Hotel Management,Happy Foods Group,Not hiring,Bangalore,5 Months,"8,000","Communication, Teamwork"
Business Development (Sales),ARYCO Properties Private Limited,Not hiring,Hyderabad,3 Months,"8,000","Sales, Negotiation, Business Strategy"
Web Development,Praanha,Not hiring,Work from home,3 Months," 5,500-7,500 ","HTML,css,react,node,express,mongoDB"
Sales,BINACONF INDIA PVT.LTD,Not hiring,Work from home,4 Months,"10,000","Sales, Negotiation, CRM"
Sales And Marketing,Flosil Group Of Companies,Not hiring,Chennai,1 Month," 2,000  +  Incentives","Sales, Negotiation, CRM"
Documentation,Swasti,Not hiring,"Bangalore, Delhi                                                            (Hybrid)",6 Months," 5,000-10,000 ","Communication, Teamwork"
Social Media Marketing,Twice The Impact PM,Not hiring,Work from home,6 Months," 2,000-5,000 ","Marketing Strategy, Communication, Market Research"
Social Media Marketing,Cannibals Media Pvt. Ltd.,Actively hiring,Work from home,1 Month,"3,000","Marketing Strategy, Communication, Market Research"
Business Development (Sales),Padma Food Products,Not hiring,Bangalore,3 Months,"8,000","Sales, Negotiation, Business Strategy"
Social Media Marketing,Neopulse Energy Private Limited,Actively hiring,Work from home,4 Months," 5,000-10,000 ","Marketing Strategy, Communication, Market Research"
Human Resources (HR),Gera Developments Private Limited,Not hiring,Pune,6 Months," 15,000-18,000 ","Recruitment, HR Management, Communication"
YouTube Hindi Scriptwriter (Gaming & Entertainment),Brown Collab,Not hiring,Work from home,3 Months,"8,000","Writing, SEO, Research"
E-commerce Operations,GOAT Brand Labs,Not hiring,Gurgaon,2 Months,"10,000","Operations Management, Coordination, MS Excel"
Reels Creator,Flosil Group Of Companies,Not hiring,Chennai,1 Month,"2,000","Communication, Teamwork"
Graphic Design,The Cover Up Project,Not hiring,Mumbai                                                            (Hybrid),3 Months,"5,000","Graphic Design, Photoshop, Illustrator"
Product Video Creator,Cryptographic Solutions,Not hiring,Work from home,1 Month,"3,000","Video Editing, Premiere Pro, After Effects"
Client Relationship Executive (Marketing),Mentorrbuddy,Not hiring,Bangalore                                                            (Hybrid),6 Months,"8,000","Marketing Strategy, Communication, Market Research"
Sales,Nikayi Fashion Studio,Not hiring,Mumbai,3 Months,"5,000","Sales, Negotiation, CRM"
Social Media Marketing,Kyoto Creative Co.,Not hiring,Work from home,3 Months,"5,000","Marketing Strategy, Communication, Market Research"
Content Writing,Newsway Private Limited,Not hiring,Work from home,3 Months,"25,000","Content Writing, Editing, SEO"
Lead Generation,Srimply,Not hiring,Work from home,3 Months,"10,000","Communication, Teamwork"
Graphic Design,Dezeno,Not hiring,Work from home,2 Months,"5,000","Graphic Design, Photoshop, Illustrator"
Campus Ambassador,Indian Institute Of Art & Design - IIAD,Not hiring,Work from home,6 Months,Performance Based,"Marketing, Networking, Event Promotion"
Social Media Marketing,Corizo Edu-Tech,Not hiring,Work from home,1 Month," 5,000-15,000 ","Marketing Strategy, Communication, Market Research"
Business Development (Sales),Concort Growth Services,Not hiring,Work from home,2 Months," 5,000-10,000 ","Sales, Negotiation, Business Strategy"
Fashion Design And Merchandising,House Of Deepthi Limited,Not hiring,Mumbai,3 Months," 4,000-7,000 ","Graphic Design, Photoshop, Illustrator"
Social Work,InAmigos Foundation,Actively hiring,Work from home,3 Weeks,Unpaid,"Communication, Teamwork"
Video Editing/Making,Fabricodes,Not hiring,Work from home,4 Months," 5,000-10,000 ","Video Editing, Premiere Pro, After Effects"
Data Entry,Digital Ipsum,Actively hiring,Work from home,3 Months,"4,000","Excel,python,SQL"
Sales,CA-One India,Not hiring,Bangalore,6 Months,"10,000","Sales, Negotiation, CRM"
Manufacturing Engineering,OM Bhakti Samagri Kreations Private Limited,Not hiring,Bangalore,3 Months,"7,000","Communication, Teamwork"
Human Resources (HR),FlexiLoans Technologies Private Limited,Not hiring,Mumbai,3 Months," 10,000-13,000 ","Recruitment, HR Management, Communication"
Supply Chain & Logistics Operations,Nishesh Enterprises,Not hiring,Noida,2 Months," 2,000-4,000 ","Operations Management, Coordination, MS Excel"
Operations,Bohni Tech Private Limited,Not hiring,Work from home,6 Months,"2,500","Operations Management, Coordination, MS Excel"
Architecture,High Rise Architects,Not hiring,Jodhpur,6 Months,"6,000","AutoCAD, Architecture Design, 3D Modeling"
Social Media Marketing,36 SKILLS,Not hiring,Work from home,3 Months,"5,000","Marketing Strategy, Communication, Market Research"
Recruitment,Talent500,Not hiring,Bangalore,3 Months,"10,000","Communication, Teamwork"
Customer Service/Customer Support,Beeglee,Not hiring,Delhi,3 Months," 7,000-12,000 ","Communication, Teamwork"
Operations,OnGrid,Not hiring,Gurgaon,3 Months," 10,000-15,000 ","Operations Management, Coordination, MS Excel"
Reactjs Development,FynTune Solution Private Limited,Actively hiring,"Thane, Navi Mumbai",6 Months,"12,000","React,javaScript,Express"
Business Development (Sales),Do It Zero,Not hiring,Work from home,6 Months," 10,000-15,000 ","Sales, Negotiation, Business Strategy"
Influencer Marketing,Recitstudios,Not hiring,Work from home,6 Months," 4,000-5,000 ","Marketing Strategy, Communication, Market Research"
Content Manager,High Impact Talent,Not hiring,Work from home,1 Month,"2,000","Content Writing, Editing, SEO"
Marketing,Growisto,Not hiring,Mumbai                                                            (Hybrid),3 Months,"9,500","Marketing Strategy, Communication, Market Research"
Social Media Marketing,Manasi Mhaskar,Not hiring,"Delhi, Mumbai",6 Months,"15,000","Marketing Strategy, Communication, Market Research"
Partnership And Strategic Alliances,Transhelp Technologies Private Limited,Not hiring,Bangalore,3 Months,"10,000","Communication, Teamwork"
Web Application Developer,Technetwave Private Limited,Actively hiring,Hyderabad                                                            (Hybrid),6 Months," 5,000  +  Incentives","App Development, Flutter, React Native"
Flutter Development,Adstacks Media,Actively hiring,Gurgaon,3 Months,"12,000","Communication, Teamwork"
Travel Consultant,Nitsa Holidays,Not hiring,"Delhi, Surat, Kalyan, Noida",3 Months,"10,000","Consulting, Analysis, Presentation"
Fashion Design,Sheqe Apparels,Not hiring,Noida,2 Months,"5,000","Graphic Design, Photoshop, Illustrator"
Digital Marketing,Antraweb Technologies Private Limited,Not hiring,Mumbai,3 Months,"8,000","SEO, Google Ads, Social Media Marketing"
Python Development,"Lotus AI (Los Angeles, United States)",Actively hiring,Work from home,3 Months," 8,000-1,00,000 ","Communication, Teamwork"
Graphic Design,Orchid Montessori House,Not hiring,Work from home,3 Months,"2,000","Graphic Design, Photoshop, Illustrator"
Business Development (Sales),Pinacle Web India,Not hiring,"Thane, Navi Mumbai, Mumbai, Vashi",3 Months," 3,000  +  Incentives","Sales, Negotiation, Business Strategy"
Full Stack Development (Headless CMS Strapi),Yoliday LLP,Not hiring,Work from home,6 Months,"10,000","React,Node,Express,Next,SQL"
Digital Marketing,SSM Fashion,Not hiring,Work from home,6 Months,"2,000","SEO, Google Ads, Social Media Marketing"
Copywriting,Credilio Financial Technologies Private Limited,Not hiring,Mumbai,3 Months,"12,000","Communication, Teamwork"
E-Commerce Management,Houseof Owlet,Not hiring,Gurgaon,3 Months,"8,000","Communication, Teamwork"
Graphic Design,Attally Sofper,Not hiring,Work from home,3 Months,"5,000","Graphic Design, Photoshop, Illustrator"
Videography,CreativeBlend Media,Not hiring,Work from home,2 Months,"4,000","Video Editing, Premiere Pro, After Effects"
Graphic Design,The Social Lit,Not hiring,Work from home,2 Months,"8,000","Graphic Design, Photoshop, Illustrator"
Video Editing (Reels),WhaSeLiya,Not hiring,Work from home,2 Months,"2,000","Video Editing, Premiere Pro, After Effects"
Packaging Engineer,PMS INDIA,Not hiring,Chennai,6 Months,"15,000","Communication, Teamwork"
Site Engineering (Civil),VISVA INFRATECH,Not hiring,Work from home,2 Months,"9,000","Communication, Teamwork"
Digital Marketing,Bombay Management Association,Not hiring,Mumbai,6 Months," 7,500-15,000 ","SEO, Google Ads, Social Media Marketing"
Social Media Marketing,Coders Boutique,Not hiring,Work from home,3 Months," 2,000-5,000 ","Marketing Strategy, Communication, Market Research"
Digital Marketing,Intellyze Labs,Not hiring,Kakkanad,6 Months,"2,000","SEO, Google Ads, Social Media Marketing"
HR Consultant,A21ai,Not hiring,Delhi,2 Months,"10,000","Consulting, Analysis, Presentation"
Marketing-Gaming,MB Softech Consultants,Not hiring,Work from home,1 Month,"7,500","Marketing Strategy, Communication, Market Research"
Human Resources (HR),Siana International,Not hiring,Pune,3 Months,"5,000","Recruitment, HR Management, Communication"
Social Media Marketing,Marketing Boutqiue,Not hiring,Work from home,3 Months," 2,000-5,000 ","Marketing Strategy, Communication, Market Research"
Campus Ambassador,One% Dating Club,Not hiring,Work from home,3 Months,Performance Based,"Marketing, Networking, Event Promotion"
Virtual Assistant For Digital Marketing Agency Founder,Bizzaro,Not hiring,Work from home,6 Months,"10,000","SEO, Google Ads, Social Media Marketing"
Web Development,Adivasi Yuva Seva Sangh,Not hiring,Work from home,1 Month,Unpaid,"HTML,css,javascript, react,node,mongoDB"
Founders Office,Change Engine,Not hiring,"Delhi, Gurgaon, Noida                                                            (Hybrid)",3 Months," 15,000-20,000 ","Communication, Teamwork"
Angular.js Development,CodeMasters Studio,Not hiring,Work from home,3 Months,"5,000","Communication, Teamwork"
Data Entry,Bonn Tonn,Actively hiring,Kolkata,3 Months,"8,000","Excel,python,SQL"
Digital Marketing,Point Vision,Not hiring,Bangalore                                                            (Hybrid),3 Months,"2,000","SEO, Google Ads, Social Media Marketing"
Photography,NITCO TILES,Not hiring,"Delhi, Patiala                                                            (Hybrid)",2 Months," 8,000-15,000 ","photography,lightroom,photoshop,image editing"
React Native Developer(Fresher),Silversky Technology,Not hiring,Ahmedabad,6 Months," 10,000-12,000 ","Communication, Teamwork"
Business Development (Sales),Monospace Marketing,Not hiring,Work from home,3 Months," 1,000  +  Incentives","Sales, Negotiation, Business Strategy"
"CA, ACCA, CMA",Tanuj Agrawal And Company,Not hiring,Jaipur,3 Months,"5,000","Communication, Teamwork"
Web Development,ADM EDUCATION & WELFARE SOCIETY,Actively hiring,Work from home,3 Months,Unpaid,"HTML,css,react,node,mongoDB"
Video Editing/Making,Shivam Kumar,Not hiring,Work from home,2 Months," 1,000 /week +  Incentives","Video Editing, Premiere Pro, After Effects"
Business Development (Sales),Cats Edutech Private Limited,Not hiring,Nagpur,6 Months,"10,000","Sales, Negotiation, Business Strategy"
Content Writing,The Vision Foundation,Not hiring,Delhi                                                            (Hybrid),3 Months,Unpaid,"Content Writing, Editing, SEO"
Digital Marketing,CraveDigi Advisors OPC Pvt. Ltd.,Actively hiring,Work from home,1 Month," 1,000 /week +  Incentives","SEO, Google Ads, Social Media Marketing"
Media In Filmmaking,Green Earth Pictures,Not hiring,Mumbai                                                            (Hybrid),1 Month," 2,500-3,000 ","Film Production, Direction, Editing"
Subject Matter Expert (SME),LearnAsYouGo Private Limited,Actively hiring,Work from home,3 Months," 5,000-10,000 ","Communication, Teamwork"
REAL TIME DOUBT SOLVER (PCMB),LearnAsYouGo Private Limited,Actively hiring,Work from home,3 Months," 5,000-10,000 ","Communication, Teamwork"
Marketing And Event Coordinator,Shiv Nadar School,Not hiring,Gurgaon,3 Months," 15,000-20,000 ","Marketing Strategy, Communication, Market Research"
E-Commerce Catalog Management,Woodzon,Not hiring,Bangalore,3 Months,"15,000","Communication, Teamwork"
Business Research,Amit S,Not hiring,Pune                                                            (Hybrid),2 Months," 8,000-10,000 ","Sales, Negotiation, Business Strategy"
Backend Developer (Golang),Factly Media & Research,Actively hiring,Work from home,6 Months,"15,000","Go,docker"
Reactjs Development,Factly Media & Research,Actively hiring,Work from home,6 Months,"15,000","React,javaScript,Express"
Backend Developer (Rust Programming),Factly Media & Research,Actively hiring,Work from home,6 Months,"15,000","Communication, Teamwork"
Product Management,"EmendoAI (San Francisco, United States)",Actively hiring,Work from home,6 Months,"15,000","Communication, Teamwork"
Social Work,Paulson Education,Not hiring,"Chennai, Keralapuram, Keralassery, Tamil Nadu",6 Months," 2,000  +  Incentives","Communication, Teamwork"
"Commerce, Accounting & Finance - Content Writing",Earth5R,Actively hiring,Work from home,1 Month,Unpaid,"Accounting, Tally, Excel"
Content Writing,"Halo (Dubai, United Arab Emirates)",Actively hiring,Work from home,6 Months," 10,000-15,000 ","Content Writing, Editing, SEO"
Business Development (Sales),HIGHCLOUDS STEM TECHNOLOGIES PVT. LTD.,Not hiring,Greater Noida,3 Months," 8,000  +  Incentives","Sales, Negotiation, Business Strategy"
Web Design - Content Writing,Earth5R,Actively hiring,Work from home,1 Month,Unpaid,"Graphic Design, Photoshop, Illustrator,CSS,Figma"
Full Stack Development,Accredian,Actively hiring,Work from home,6 Months,"15,000","React,Node,Express,Next,SQL"
Business Development (Sales),Cannibals Media Pvt. Ltd.,Actively hiring,Work from home,1 Month," 5,000  +  Incentives","Sales, Negotiation, Business Strategy"
Social Entrepreneurship (S),Pawzz,Actively hiring,Work from home,3 Weeks," 1,500-10,000 ","Leadership, Innovation, Social Impact"
Business Development (Sales),Pawzz,Actively hiring,Work from home,2 Weeks," 1,500-5,000 ","Sales, Negotiation, Business Strategy"
Marketing (Youth Connective),Pawzz,Actively hiring,Work from home,3 Weeks," 1,500-10,000 ","Marketing Strategy, Communication, Market Research"
Teaching,Scienceplace,Not hiring,Delhi,6 Months," 10,000 /week +  Incentives","Teaching, Curriculum Design, Communication"
Video Editing/Making,Social Siyappa,Not hiring,Work from home,6 Months,"5,000","Video Editing, Premiere Pro, After Effects"
Android App Development,Atharva Lohiya,Actively hiring,Work from home,6 Months," 10,000-15,000 ","App Development, Flutter, React Native"
Marketing,The Konsol,Not hiring,Pune                                                            (Hybrid),3 Months," 2,000-4,000 ","Marketing Strategy, Communication, Market Research"
Photography,Hustle,Not hiring,Bangalore,3 Months," 5,000-7,000 ","photography,lightroom,photoshop,image editing"
Full Stack Development,Platform Integration Software Technologies LLP,Not hiring,Amritsar                                                            (Hybrid),3 Months," 8,000-12,000 ","React,Node,Express,Next,SQL"
Video Editing/Making,Artha,Not hiring,Work from home,1 Month," 2,000-10,000 ","Video Editing, Premiere Pro, After Effects"
Digital Marketing,Gymforce Technologies Llp,Not hiring,Work from home,2 Months,"1,000","SEO, Google Ads, Social Media Marketing"
Search Engine Optimization (SEO),Elegant Systems Pvt Ltd,Not hiring,Work from home,6 Months,"5,000","SEO, Google Analytics, Keyword Research"
Content Marketing,Qodex.ai,Not hiring,Work from home,6 Months,"10,000","Marketing Strategy, Communication, Market Research"
HR Corporate Relations,GetReady4Job,Not hiring,Hyderabad                                                            (Hybrid),3 Months," 5,000-8,000 ","Recruitment, HR Management, Communication"
Corporate Sales,Chayam Tea,Not hiring,Kolkata,4 Months,"15,000","Sales, Negotiation, CRM"
Research And Social Media,Readers Libration Private Limited,Not hiring,West,6 Months,"12,000","Research, Analysis, Report Writing"
Android App Development,Kontact Services,Not hiring,Noida,3 Months," 4,000-8,000 ","App Development, Flutter, React Native"
Recruitment,Hexerve Solution Inc,Not hiring,Noida,1 Month," 3,000-6,000 ","Communication, Teamwork"
Social Media Marketing,Wine Growers Association Of India,Not hiring,Work from home,3 Months,"5,000","Marketing Strategy, Communication, Market Research"
3D Visualizor,Hempal Studio,Not hiring,Jaipur,6 Months,"7,000","Communication, Teamwork"
Financial Markets Research,Fortress Financial Group,Not hiring,Bangalore                                                            (Hybrid),3 Months,"5,000","Research, Analysis, Report Writing"
UGC (Reels) Video Creator,Regent Edu Connect,Not hiring,Work from home,6 Months,"7,000","Video Editing, Premiere Pro, After Effects"
Technology,Rankersgrid By Cognolabs,Not hiring,"Somajiguda, Hyderabad.",6 Months,"10,000","Communication, Teamwork"
Graphic Design,Ageancy Media,Not hiring,Akurdi,3 Months,"5,000","Graphic Design, Photoshop, Illustrator"
Content Writing,Drishtency By BM,Not hiring,Mumbai                                                            (Hybrid),6 Months,"5,000","Content Writing, Editing, SEO"
Accounting & Bookkeeping,AJH Consulting,Not hiring,Delhi,6 Months,"8,000","Accounting, Tally, Excel"
Digital Marketing,Arson,Not hiring,Work from home,6 Months," 1,000  +  Incentives","SEO, Google Ads, Social Media Marketing"
Interior Design,Greysco,Not hiring,Work from home,5 Months,"5,000","Graphic Design, Photoshop, Illustrator"
Social Media Marketing,Hkmpune,Not hiring,Work from home,3 Months," 1,500 /week +  Incentives","Marketing Strategy, Communication, Market Research"
Interior Design,Apexverse Opc Pvt Ltd,Not hiring,Noida,2 Months,"10,000","Graphic Design, Photoshop, Illustrator"
Game Development,Arkham Archives,Not hiring,Work from home,2 Months,"1,500","C,unity,blender"
E-commerce Operations,Zwag Folks Private Limited,Not hiring,Delhi,6 Months,"15,000","Operations Management, Coordination, MS Excel"
Microsoft Business Central Consultant,Zelite Solutions Pvt Ltd,Not hiring,Pune,3 Months,"10,000","Sales, Negotiation, Business Strategy"
Sports & Technology Marketing,Nimblemindz Technologies,Not hiring,Pune                                                            (Hybrid),6 Months,"5,000","Marketing Strategy, Communication, Market Research"
Sales (Cold Calling),Banana Byte Software Solutions,Not hiring,Work from home,1 Month," 30,000-50,000 ","Sales, Negotiation, CRM"
Sales,Skinkart Healthcare India,Not hiring,"Delhi, Gurgaon, Noida                                                            (Hybrid)",6 Months," 10,000  +  Incentives","Sales, Negotiation, CRM"
Digital Marketing,Creator Mediator,Not hiring,Mumbai,6 Months," 2,000  +  Incentives","SEO, Google Ads, Social Media Marketing"
Telecalling,Red Otter Farms,Not hiring,Delhi,3 Months," 10,000  +  Incentives","Communication, Sales, Customer Handling"
Cosmetic Formulator,Tilt Cosmetics,Not hiring,Bangalore                                                            (Hybrid),1 Month," 5,000-7,000 ","Communication, Teamwork"
Human Resources (HR),Dmgiants,Not hiring,Work from home,2 Months," 1,000 lump sum +  Incentives","Recruitment, HR Management, Communication"
Digital Marketing,AppsArmy,Not hiring,Work from home,3 Months," 6,000-7,500 ","SEO, Google Ads, Social Media Marketing"
Content Writing,Misfit Humans,Not hiring,Gurgaon                                                            (Hybrid),1 Month,"5,000","Content Writing, Editing, SEO"
Editorial,BurdaLuxury,Not hiring,Mumbai,2 Months,"7,000","Communication, Teamwork"
Digital Marketing,White Kaleido,Not hiring,Work from home,6 Months," 6,000-10,000 ","SEO, Google Ads, Social Media Marketing"
Pre Sales,Gemba Concepts,Not hiring,Ahmedabad,6 Months,"10,000","Sales, Negotiation, CRM"
Social Work,The We Foundation,Not hiring,"Agartala, Guwahati, Kolkata, Imphal, Mumbai, Aizawl, Angul",6 Months,"5,000","Communication, Teamwork"
Digital Marketing,Power Promotion,Not hiring,Work from home,3 Months," 5,000-10,000 ","SEO, Google Ads, Social Media Marketing"
Video Editor,Komal Maheshwari,Not hiring,Work from home,3 Months," 5,000-10,000 lump sum","Video Editing, Premiere Pro, After Effects"
Marketing,Codal.in,Not hiring,"Chennai, Coimbatore, Bangalore                                                            (Hybrid)",6 Months,"4,000","Marketing Strategy, Communication, Market Research"
Business Development Associate,Little Black Star Visual Effects Pvt. Ltd.,Not hiring,"Guntur, Hyderabad, Mangalagiri, Vijayawada",6 Months," 5,000  +  Incentives","Sales, Negotiation, Business Strategy"
Human Resources (HR),Bigbee Experience Management Private Limited,Not hiring,Bangalore,6 Months,"5,000","Recruitment, HR Management, Communication"
Electrical Engineering,Roima Intelligence India Pvt Ltd,Not hiring,Ahmedabad,6 Months,"15,000","Communication, Teamwork"
Social Media Marketing,SteamUp Foods,Not hiring,Bangalore,3 Months,"8,000","Marketing Strategy, Communication, Market Research"
Motion Graphics,Media AI Marketing,Not hiring,Work from home,3 Months," 6,000  +  Incentives","Graphic Design, Photoshop, Illustrator"
Business Development (Sales),EXMASS HEALTHTECH PRIVATE LIMITED,Not hiring,Work from home,3 Months," 2,000  +  Incentives","Sales, Negotiation, Business Strategy"
Business Development (Sales),Franco Rugs,Not hiring,Work from home,3 Months," 1,000  +  Incentives","Sales, Negotiation, Business Strategy"
Market Research,Beamstacks Technologies,Not hiring,Work from home,2 Months,"10,000","Research, Analysis, Report Writing"
Brand Management,Reform Your Skin,Not hiring,Work from home,2 Months," 4,000-8,000 ","Marketing Strategy, Branding, Communication"
Relationship Manager,Motilal Oswal Financial Services,Not hiring,Jaipur,3 Months," 5,000  +  Incentives","Communication, Teamwork"
Video Editing/Making,Catalyst Media Labs Private Limited,Not hiring,Work from home,3 Months,"5,000","Video Editing, Premiere Pro, After Effects"
Graphic Design,Two Cents,Not hiring,"Delhi, Ghaziabad, Noida                                                            (Hybrid)",3 Months,"20,000","Graphic Design, Photoshop, Illustrator"
Video Editing/Making,Arunkumar Raman,Not hiring,Work from home,6 Months," 5,000-10,000 ","Video Editing, Premiere Pro, After Effects"
Talent Acquisition,Whitefield Network,Not hiring,Work from home,6 Months,"3,000","Communication, Teamwork"
Full Stack Development,StepOut,Actively hiring,Work from home,6 Months," 10,000-15,000 ","React,Node,Express,Next,SQL"
Motion Graphics,Onerostech,Not hiring,Work from home,3 Months,"8,000","Graphic Design, Photoshop, Illustrator"
Accounting & Taxation,Senthil Kumar & Sundararajan,Not hiring,Chennai,3 Months," 25,000-30,000 ","Accounting, Tally, Excel"
Business Development (Sales),Flying Pigeon Solutions,Actively hiring,Work from home,2 Months," 3,000-5,000 ","Sales, Negotiation, Business Strategy"
Social Media Marketing,Sanjeev Singh,Not hiring,Work from home,6 Months,"5,000","Marketing Strategy, Communication, Market Research"
Anchoring,Yes Property,Actively hiring,Bangalore,3 Months,"10,000","Anchoring, Public Speaking, Presentation"
Business Research,Netwale,Not hiring,Work from home,3 Months,"5,000","Sales, Negotiation, Business Strategy"
Graphic Design,Tagi Studio,Not hiring,Mumbai                                                            (Hybrid),3 Months,"8,000","Graphic Design, Photoshop, Illustrator"
Social Media Marketing,Top One Percent,Not hiring,Work from home,2 Months,"5,000","Marketing Strategy, Communication, Market Research"
Telecalling,Artem Academy,Not hiring,Hyderabad                                                            (Hybrid),1 Month,"7,000","Communication, Sales, Customer Handling"
Reel Editor,Budding Mariners,Actively hiring,Work from home,4 Months,"2,000","Communication, Teamwork"
Graphic Design,YB One Strategic Solutions Pvt Ltd,Not hiring,Work from home,3 Months,"2,000","Graphic Design, Photoshop, Illustrator"
Human Resources (HR),Kishor Kalyanji Corp LLP,Not hiring,Mumbai,3 Months,"12,000","Recruitment, HR Management, Communication"
Android App Development,ADM EDUCATION & WELFARE SOCIETY,Actively hiring,Work from home,3 Months,Unpaid,"App Development, Flutter, React Native"
Python Development,APSV TECHNOLOGIES,Actively hiring,Work from home,1 Month,"1,000","Python,Django,SQL"
Machine Learning,APSV TECHNOLOGIES,Actively hiring,Work from home,1 Month,"1,000","Python, Neural Networks,R"
Java Development,APSV TECHNOLOGIES,Actively hiring,Work from home,1 Month,"1,000","springboot, JPA, Maven"
Cyber Security,APSV TECHNOLOGIES,Actively hiring,Work from home,1 Month,"1,000","Cyber Security, Networking, Ethical Hacking"
Social Media Manager,Ktex Overseas Private Limited,Not hiring,Delhi                                                            (Hybrid),3 Months,"5,000","Social Media, Content Creation, Analytics"
Influencer Marketing,Dollarpe Technologies Private Limited,Not hiring,Work from home,2 Months," 1,000  +  Incentives","Marketing Strategy, Communication, Market Research"
Script Writer,Masquerade Pictures Pvt Ltd,Not hiring,Noida,3 Months," 10,000-30,000 ","Writing, SEO, Research"
Business Development (Sales),The Orange Bulletin,Not hiring,Work from home,3 Months," 4,000  +  Incentives","Sales, Negotiation, Business Strategy"
Content Writing,BrightChamps Tech Private Limited,Not hiring,Bangalore,6 Months,"15,000","Content Writing, Editing, SEO"
Social Media Marketing,Niswarth – The Selfless,Not hiring,Work from home,6 Months,Unpaid,"Marketing Strategy, Communication, Market Research"
Social Media Marketing,BAMC,Not hiring,Work from home,2 Months," 3,000  +  Incentives","Marketing Strategy, Communication, Market Research"
Accounting & Taxation,KATRE BARWE & ASSOCIATES,Not hiring,Mumbai,6 Months,"7,500","Accounting, Tally, Excel"
Business Development (Sales),EGuruZy Learning Shortcuts Private Limited,Not hiring,Work from home,3 Months," 15,000-25,000 ","Sales, Negotiation, Business Strategy"
YouTube Anchor,Manoj Sharma,Not hiring,Work from home,3 Months,"5,000","Communication, Teamwork"
Tele Sales Associate,EGuruZy Learning Shortcuts Private Limited,Not hiring,Work from home,3 Months," 15,000-25,000 ","Sales, Negotiation, CRM"
Video Editing/Making,GeekyAnts,Not hiring,Work from home,6 Months," 5,000-10,000 ","Video Editing, Premiere Pro, After Effects"
Education Counsellor (Tele Sales),EGuruZy Learning Shortcuts Private Limited,Not hiring,Work from home,3 Months," 15,000-25,000 ","Sales, Negotiation, CRM"
Business Development (Sales),Stanza Living,Not hiring,Bangalore,2 Months,"20,000","Sales, Negotiation, Business Strategy"
Social Media Marketing,Alvaro Soft Private Limited,Not hiring,Pune                                                            (Hybrid),3 Months,"3,500","Marketing Strategy, Communication, Market Research"
Office Coordinator,Wehire Talent Solutions,Actively hiring,Mumbai,3 Months,"12,000","Communication, Teamwork"
Digital Marketing,Smart Suburbs,Not hiring,"Pune, Pimpri-Chinchwad",4 Months,"6,000","SEO, Google Ads, Social Media Marketing"
Lead Generation,Musemate.co,Not hiring,Work from home,3 Months," 6,000  +  Incentives","Communication, Teamwork"
Information Technology,TMS Foundation (IndiaYouth.info),Not hiring,Work from home,6 Months,Unpaid,"Communication, Teamwork"
Personal Secretary,Wehire Talent Solutions,Actively hiring,Mumbai,3 Months,"8,000","Communication, Teamwork"
Office Assistant,Wehire Talent Solutions,Actively hiring,Mumbai,3 Months,"10,000","Coordination, Communication, MS Office"
Customer Service/Customer Support,Helper4U Services LLP,Actively hiring,Work from home,6 Months,"10,000","Communication, Teamwork"
Law/Legal,VIVEK SHEEL,Not hiring,Delhi,1 Month,Unpaid,"Communication, Teamwork"
Field Sales,AVSAR SOLAR,Not hiring,Dehradun,3 Months," 5,000-12,000 ","Sales, Negotiation, CRM"
Business Development (Sales),LevelApp,Not hiring,Hyderabad,3 Months," 5,000  +  Incentives","Sales, Negotiation, Business Strategy"
Business Development (Sales),Meetooshop,Not hiring,Work from home,3 Months,"3,000","Sales, Negotiation, Business Strategy"
Digital Marketing,AdsReverb,Not hiring,Bangalore,6 Months,"15,000","SEO, Google Ads, Social Media Marketing"
Business Development (Sales),Science Genie,Not hiring,Delhi                                                            (Hybrid),3 Months," 3,000-5,000 ","Sales, Negotiation, Business Strategy"
Graphic Design,Kasar Devi Wellness Private Limited,Not hiring,Work from home,1 Month,"1,000","Graphic Design, Photoshop, Illustrator"
Founder Office,Green Hermitage,Not hiring,Greater Noida                                                            (Hybrid),2 Months,"10,000","Communication, Teamwork"
Telecalling,Aviz Home Healthcare Private Limited,Not hiring,Work from home,5 Months,"1,000","Communication, Sales, Customer Handling"
Digital Marketing,KAMLA MINERALS,Not hiring,Work from home,3 Months,"5,000","SEO, Google Ads, Social Media Marketing"
Human Resources (HR),The Insurance Bar,Not hiring,Ahmedabad,2 Months,"5,000","Recruitment, HR Management, Communication"
Video Editing/Making,Debugged.exe,Not hiring,Work from home,3 Months," 10,000  +  Incentives","Video Editing, Premiere Pro, After Effects"
Marketing,Zigmoid Technologies (OPC) Private Limited,Not hiring,Work from home,1 Month," 1,000 lump sum","Marketing Strategy, Communication, Market Research"
Video Editing/Making,Grey Matter Professionals Advisors,Not hiring,Uttarakhand,5 Months,"7,000","Video Editing, Premiere Pro, After Effects"
Jewelry CAD Design,Shree Govind Jewellers,Not hiring,Jaipur,3 Months," 6,000-10,000 ","Graphic Design, Photoshop, Illustrator"
